wind anom AT,wind anom BE,wind anom BG,wind anom CH,wind anom CZ,wind anom DE,wind anom DK,wind anom EE,wind anom EL,wind anom ES,wind anom FI,wind anom FR,wind anom HR,wind anom HU,wind anom IE,wind anom IT,wind anom LT,wind anom LV,wind anom NL,wind anom NO,wind anom PL,wind anom PT,wind anom RO,wind anom SE,wind anom SI,wind anom SK,wind anom UK,pv anom AT,pv anom BE,pv anom BG,pv anom CH,pv anom CZ,pv anom DE,pv anom DK,pv anom EE,pv anom EL,pv anom ES,pv anom FI,pv anom FR,pv anom HR,pv anom HU,pv anom IE,pv anom IT,pv anom LT,pv anom LV,pv anom NL,pv anom NO,pv anom PL,pv anom PT,pv anom RO,pv anom SE,pv anom SI,pv anom SK,pv anom UK,heat anom AT,heat anom BE,heat anom BG,heat anom CH,heat anom CZ,heat anom DE,heat anom DK,heat anom EE,heat anom EL,heat anom ES,heat anom FI,heat anom FR,heat anom HR,heat anom HU,heat anom IE,heat anom IT,heat anom LT,heat anom LV,heat anom NL,heat anom NO,heat anom PL,heat anom PT,heat anom RO,heat anom SE,heat anom SI,heat anom SK,heat anom UK,sc,t_start,t_end
-5.86456944877268,-7.690031059457561,69.66432580351085,-25.470004225517872,-16.37837042719033,-29.98388630540437,-20.268382750950302,-14.63653911862704,67.33906912890913,11.256410478168533,-15.407911654340174,1.697644865036158,52.68262203745788,13.428431493343398,6.920186527679727,49.974474723734744,-38.996712019738126,-20.093735243789254,-21.982964288751628,-10.895037783781211,-28.792378457847107,14.873207535955693,41.702033178188124,-24.874780658001463,67.02282101201921,5.773255112031831,-10.04876799117903,22.093333989734656,74.7033921381879,7.725019337228388,29.251346942607427,15.180706921695572,58.647352102827675,-19.817744305949645,11.73083737968641,-31.231993696315502,-4.346074784643731,54.44468108725928,5.93519898410701,-16.68332588225469,8.518922820883756,7.04570436503196,-24.747011818536144,48.12379122004525,33.64709635174923,34.703056202385625,15.909181524500019,9.891443921186289,-15.263183788925353,11.404367139220433,-29.08708052181889,4.309787816885599,15.843767801259546,15.04202293694496,101.72423929425982,134.34977390202027,98.30532868559769,65.37819717542939,91.27329056314247,108.92182028320236,61.049608787587864,119.73704144598416,85.40045702661382,15.579899131521104,97.81153100170712,89.71453038472072,120.52613915232813,104.1344789297192,80.58008618135852,118.12215249029944,161.43243316271784,161.22528230778667,134.6348478065648,38.369585308318726,102.52585046470446,-2.706977605223803,84.43035643944081,57.39967595471352,92.93620126057188,109.6635170319583,75.48369022788367,53,341,626
-30.326856934006198,-33.909950676607714,18.991416368785806,-35.47739818651766,-44.533297762487365,-41.30768738667081,-26.125796790733542,1.3974884604275553,7.826793591340846,-0.13830626314180172,-37.15737030435599,-1.2549845813334488,24.78779787993584,-23.743081190269937,-6.5603613213343435,28.863214268185803,-36.67164983547846,-9.401791781198291,-47.479766798213305,-38.31692487696613,-44.058963210761874,-26.015434291934454,-4.041158519693375,-24.464527262461274,41.93054601088356,-37.64834792194666,-26.664290053399387,5.008252799422161,24.706660868228496,-1.2565592230804512,5.902185673773406,-1.8797270337505292,3.691557164299501,-18.113233677740457,52.19429641547737,-16.678013835714324,-2.574259994061612,48.84814231905237,14.234158409590739,-20.410546191133914,4.032437966109804,-8.250648442919175,-23.52671550298219,-6.481881192757427,10.58797381380434,10.351628684880104,35.949288209199004,-10.624043954065424,7.001880007466905,8.815422211570958,-6.416665812240588,-7.698957322756872,5.710170815444688,-7.608713756354453,89.97713281899135,92.44590759843136,56.28523239729264,73.22848634249982,64.60496244985976,83.96386243193093,51.68977541643183,43.27852115230778,34.40939851879208,80.77375711873775,40.423318095304175,91.54359091622918,95.53119587855038,67.47974673672701,48.049779429778695,129.77258333952216,65.25654456273548,56.03566533481869,90.93189028127819,28.199477649198833,59.56673924251734,49.69940102561335,46.722947636794224,38.656396587430706,90.72867009217379,70.25440739108943,54.381787807932724,14,1030,1468
-49.68788365708319,-30.050165273425467,25.327043399268707,-45.399098242849476,-55.669943216425246,-43.324585427995025,-30.77413172215719,-0.3558762640449566,60.605731665757226,28.757018413777747,-7.187887029265454,-2.703131354420303,18.05146726246599,-40.20910031445512,-19.71185506200028,45.61082868921468,-18.10149724905176,-1.9662088069361465,-31.289363500871403,-17.690767814512135,-44.36693604252855,0.4114076722693435,-1.4542755770923312,-24.649450858856426,-38.65562607628566,-52.9527700635156,-9.940122242673777,-8.957016847750456,53.05567427573824,-8.623232712337828,32.61879922207284,-12.27351465090199,46.05490038706673,4.620305075338237,-48.85735328451666,-15.910423139645765,-0.9709144353319136,7.0742554464380225,-1.5383924992525893,4.002873701473862,-12.03683603450822,3.845182599390052,-16.066814948710125,18.901485637253867,-2.2526882893101474,22.029829439811525,9.199183632136984,6.451286362297831,9.905485305380285,2.1278150535138867,-20.899167911023053,-24.405372227359283,-27.31015999162209,-7.430515426418757,93.0211828242359,98.8440815530333,47.358805407890344,83.97044857225582,75.61351577003167,101.84203869610387,69.92042960999594,59.73559213190632,8.548979896153309,104.67214484147698,50.166860989429615,99.48306196122064,86.47971541882377,77.37431531825897,38.85459326445491,106.96176269906445,102.87125350348458,91.27575883930227,107.5463933096785,35.418487743497415,80.50477450400972,92.36067180105303,52.79667469920915,58.67609418848837,86.03377353619781,80.26570225792096,50.79602578769384,22,501,730
-6.316941843965647,-33.295371945237065,105.9893302118549,-35.072070645836924,-16.828651303060084,-8.554218088389142,-4.828054039451821,-28.46768774233962,63.81038313965074,50.10257992953711,-29.65128607165447,-28.7512886674643,37.525404347725264,34.592849627678,-19.757746741037423,70.04782826099112,-43.2187756544602,-48.04576056108313,-11.206701491495526,-35.35443297327481,-15.944801735733005,46.98069750555838,55.5668590149737,-11.44478327506924,10.55072145171383,4.000606055236786,-29.677768083667864,-4.953861998256865,-8.631964302736021,-13.629171706331638,-7.579878789187049,25.777803461799586,7.512785821700077,-18.957331825820066,-26.999377436651994,-13.36518584129427,-17.25068426656401,50.39532503993236,-14.605163073735225,-17.00568395334397,20.36406082379426,-3.6294757221564082,-10.242671850891007,55.40514693667659,-12.754094266082936,11.143682218677846,26.34685009456838,30.605646262252428,-28.21025282290121,6.762291027125983,-31.47828191762061,-13.178180606665851,39.89833340507889,0.4947450641753275,79.89606685174846,100.49017745255114,40.96704918161787,34.74980834067384,89.65036943680437,95.06249477618974,88.65827170584373,95.26523471259529,24.741003324392516,6.309848629032762,82.74983263725633,42.301295757571516,52.608035344981374,73.22342525842002,73.33430213695907,46.332777861498926,139.80487006534247,123.4397893706277,122.91808015549283,63.725450373494105,110.38350780449444,26.06276741748311,45.970419505406255,72.19605301890729,53.29618842626365,95.00346427128875,75.28822103424034,57,904,1129
2.244140851741482,-27.837769385863638,-1.3960316362852185,-50.89627853138201,0.6019937958295912,-25.916236587736897,-5.033338482667872,-15.591610037313902,21.88227890358407,-6.205428902519327,1.7254573858122908,-21.898994626812932,-0.6551732878909005,1.0205581099141088,-8.411451135720045,-23.68148130511109,-23.325194703688528,-20.73047180953333,-30.15368978851649,18.183934792996297,-12.428538340268547,18.567932339975172,-5.2876626731051894,-4.294998204398027,-28.376598963870247,3.845473166270975,-12.610018543462665,2.8415487231718393,16.469195667174162,-2.929172364471345,18.750000786807153,30.89586392715881,41.710293684521794,19.61290148629074,60.117233172038055,-23.790524227996872,-22.614994261985537,-4.419358435857999,3.1571608706783096,-13.686337609082905,18.40501480403698,16.0778624015986,-32.950378146228125,71.05575113608386,52.31611073840854,-8.752297251393824,-19.85762870550441,46.9369567786323,-26.79861801787848,10.72775852860647,-0.24423218278648343,-15.035189506042496,38.792776805024324,19.24566309357254,53.652028389282904,45.42183666233413,64.85809548493009,42.04736554459618,44.45744045669175,41.79213356004778,20.546627740220252,43.64806392433535,90.67392018501114,36.61609572662808,30.725838722472716,46.959139638052996,57.8241165178469,56.36501398964112,19.084527211029958,75.9810591693286,61.06054807854891,48.18638345258386,43.096596338442616,-0.022992746215519794,44.04173340300678,14.660753960414835,55.38575908678557,15.514536674697862,48.056057893873415,54.171031919023704,24.794131088139174,21,139,440
-22.133969898186287,-49.05865029489434,56.42103748628664,-18.909693626444536,-19.635548201760688,-52.25198227149318,-58.82938822732942,-1.7533081121858696,46.222406442999855,64.20388267240874,6.77622908387704,-28.776783738792933,12.299316656980457,-12.904977617975948,-32.67067540383506,50.736307184107446,-11.684318051492419,-5.134851462617003,-51.65390912309079,-28.87011979090407,-1.646144139176119,55.305751514677624,27.510911073284184,-36.41808473864786,0.3626145690368193,-10.892030072124502,-38.268354852419996,26.535583700092126,63.18299809451739,-16.596124228650115,30.80571767549442,62.40445552394257,51.36835735177361,50.977462522898485,28.693888937219253,-14.031291009193463,-13.48229359374896,28.132765268090555,8.341404405433323,-12.745544171397885,46.89846104409124,47.09394607130651,-19.738848256226966,56.43927240459584,37.66833814319231,55.139843374965835,62.08022473310986,60.6164253265254,-18.953404862099937,14.653262739087847,44.12517566079551,11.836257154924477,71.2029471269519,60.55885787775747,84.29241602862592,72.57300021277585,-0.1076193331175963,62.70176808634342,73.8159267712973,73.92863241302359,68.21324515464549,38.62189077784418,-18.775260227053522,74.54406429654064,37.02525665393125,78.02375258420852,65.20889948690389,65.58135001537059,58.31672039101026,83.46007796103233,77.1169149023102,60.13851911677587,74.40964454125043,58.0682764076687,70.87284104685267,72.3722776139299,22.080850613794798,59.18077306298804,79.48669644554342,73.28978783477838,61.46310439407847,35,510,728
21.752919457512743,28.453845408733503,244.9689199148343,-20.71971774206009,11.267535194616649,16.125629560972275,-10.186878851108528,-21.559548392582055,63.21397145440268,23.290547220624635,37.43108155234616,21.89166235510559,145.8258560657419,62.5787943352299,-21.522656784735528,71.10864373519397,-32.49583118863049,-28.26240874593739,24.033107900440722,29.43407596268221,-19.345719510933883,81.34774543460274,110.35824753825285,3.3690204541301014,265.5090501690677,17.255335321205283,-1.7705102716611405,71.73749767514514,81.63513481578713,-6.776128570509796,67.57268488444785,93.05063400504437,88.89062387937999,-7.004140148917519,17.985497968635933,-31.685148503065676,1.02896390437523,1.7003787042163119,29.169447044179865,-3.0955266923024505,47.378704232990046,3.0092323710650715,-27.744550050792494,90.84789174658592,42.35256288599844,63.542114779750236,-27.913900195754998,64.95858283890347,15.756844185148115,20.103141831549653,-28.8277099966957,42.64778119095499,69.27611083269429,14.6814057412921,182.22075323899415,183.3109513433275,158.99026548524077,118.56215754390031,134.38110118498943,170.07239221448006,89.65026556720981,95.87643652930417,143.6224626646153,176.73504839228457,66.56834200447268,157.03090996762012,206.03899355690424,165.9374705394072,52.439354502994775,260.1325756553848,202.70564359902923,160.39817352067396,201.87384678939412,37.58200522548969,152.15073480030992,206.59760634443347,128.98741724328426,70.37231622888173,178.24455665594238,170.68361502953007,99.35162598879297,25,1375,1537
-60.03120493051368,-26.03806923826262,98.1548444700252,-73.68742475382902,-75.97662969149287,-63.55822175640375,-51.24752413361252,-33.21725301283446,38.85017467927598,11.217977960627957,-5.159515603518261,-34.24686028842591,64.26183447897479,-27.322205940960465,-26.684324525713997,25.655726050637735,-62.943675196337004,-46.24982446243619,-38.41982987149805,-11.267219539632965,-67.89864959133068,70.28322052636057,-0.2801877402204898,-33.94793314181642,109.37539176655082,-61.051447512655024,-9.594178975142952,17.720552939288638,107.35272863604727,-58.773743426580126,33.812446319354514,61.81849373978974,73.98387759151922,15.639427983656157,-35.12319678734316,-22.091845236950423,-19.930832509052028,-13.576301356305514,15.687991689920471,-1.8116816653270504,-1.8789777379804355,-18.804143655441287,-28.39789925643491,5.823933349380424,-17.706384258335454,85.31772808780977,24.816495692778247,23.86652140157956,-4.457142286314443,-20.976673720609483,-1.0157443377266877,-5.375553866619926,30.765348559077555,26.50843288135628,61.21526889562229,70.01317562899665,55.057059737783064,26.73114592940796,46.17955706119661,56.37288129000591,27.771848587942156,41.47943589582692,31.986128935768487,52.633405112254714,25.3981345612962,54.43878942662802,63.76741329895697,51.00938078708499,32.94233721310707,82.53428112539301,57.03652504422276,44.89807034561535,74.26729939830106,10.195957132204061,44.86407479555345,59.54636231016821,47.072305932150705,17.320128567684485,65.17475240861202,52.961897387043265,45.72139971488311,15,895,1085
-32.21638623595929,-17.8748952488676,105.28080082029712,-44.8853344942208,-15.298787364495928,-11.756724633771451,13.227047381282173,-3.3888949015660987,65.48100164072243,52.02512516174485,-12.106556324974969,-25.65143553495809,5.053252500944169,-1.350232702727632,-66.94883502633584,32.727702412556035,3.9972864916826536,4.1548405551549665,-18.669003155027006,-10.533541018072606,-8.201956249204807,69.83721827518991,49.2994535106007,1.6902985842673155,-18.2311578665063,-17.275612828594475,-52.59340841576141,18.246146448151254,11.380514928982869,-28.120972187697124,18.250365748094847,51.07333470749242,25.64775521344137,-19.410978728597765,-23.011067904883664,7.208974213712202,-31.45674395183946,6.890367280231649,10.533676149737783,-33.82080937180507,-7.3556430673536,0.0711521570981346,-25.909591670641053,-14.56426787263119,-37.422585944277756,-23.02831454311764,21.280999481464107,35.79474846107597,-20.159346246608415,-20.68461886864848,-7.344797719816697,2.1262152531248946,24.445306779624737,23.835496721121807,71.66180194402519,86.80589405670035,-38.171504502259715,60.36854848754787,55.79772719950488,77.33240969078534,54.07113636206928,29.76351296344492,-44.69699994067298,111.51343575028194,27.38356861834034,94.03323837020359,45.63727064854008,36.33181688370726,56.27139598096893,73.3636643627191,41.76234864195072,34.752390144581106,93.88598424093995,46.8279710745434,49.89970184647609,73.85023266369973,-16.753200394195964,38.31974888997935,69.51352146245861,47.18971475859296,61.776511816368306,52,677,839
-52.8227222790981,-58.294375544587815,112.17886703028555,-78.38666365664425,-75.1371631997832,-65.60499805997837,-18.464606163447645,19.20926536223981,83.55783396239951,-3.197326223299722,53.7887000306035,-24.204528130665548,81.42409750266289,-15.155222487866407,-45.175905851121264,99.09964782878737,-32.86574771845193,9.706636370953996,-67.87790295211363,53.27384576333918,-60.481550807478094,-48.12590460499085,19.933138283297104,13.937947243808289,172.63274247029838,-60.342828845371976,-25.258514952401214,29.32545465787723,183.83083228157426,-60.87316574888786,86.62659873460913,102.71104984320078,173.5866581184751,95.59138965192741,-0.8539249216854936,-27.240294166847995,21.305624590697462,-4.302862320744895,44.11909794273572,-2.560266829017033,34.45053665234353,59.44246407964603,-59.55515655028856,-9.123605401088858,-4.463153200578165,156.22974272948,-29.32937918075944,105.93359966013081,61.47672747829597,-9.702717000949614,52.38954190926533,-21.357819866835893,68.9723092731872,74.57159715477847,111.51724491576923,139.68950422490119,92.18311947549525,66.73130154524443,96.6531902282776,131.21624644682913,69.39181455990739,-4.272609463097814,65.50703863518737,103.46544373092445,-4.3263780494491115,108.46760827384259,112.92824697259,93.53478800224528,8.387476163302434,123.41906729494694,68.22810468302825,27.108962521138636,165.1746378665379,-5.948810550938603,99.00581452180113,86.02568456531226,71.30734440419182,36.984621360871415,103.66045986579819,104.44100160129439,61.32735693351601,12,8502,8673
-43.97982422695827,-17.5604419338169,41.72953713019219,-29.529881262714692,-44.11774055869529,-43.76138076634827,-41.12921245497765,-19.30270269456432,-15.689146500175438,39.8119472936223,16.451188737240884,13.005582017926113,48.64985487626729,-27.098267873488535,-47.444226654251885,60.13834683307076,-26.606683439989276,-23.710398477281476,-31.051635435381503,26.48113983854375,-39.55608280009743,61.151187477330396,10.780139253175346,-17.917596843763903,109.57636519826106,-33.93627501996354,-36.28846754899946,40.44691649242284,90.35266359500082,24.464728301598765,45.37046494589096,74.47553766736885,66.83866632487448,25.253647328186425,30.878778324163836,-17.67966865296774,0.95194657505629,57.307024822602784,20.59771535877022,9.16254186770255,56.01883363897665,-12.61815711127226,-36.095470801003934,104.24483354720766,49.96446069394051,49.512223587816955,-15.27052617782593,103.40718672583826,30.44116853638708,56.39721191452307,35.16192562886414,31.941859252827783,79.63435490014588,-14.892656380466718,72.76028774586179,73.0950158721048,74.44277760281709,46.57040109614739,62.728910131698065,70.36051575395084,35.03435800326698,24.897470780228563,50.31729478927126,88.71774163822917,9.321236256668747,66.09917475328612,71.06129631169308,74.2829052716737,20.35319920868817,72.67184204224702,86.82574064318163,54.85939351259934,76.4939834478555,2.4862031689535264,74.81946419633675,107.91433621555055,66.38046278931927,22.46302073040344,68.93920630453594,78.63402559951471,32.941248839577085,16,799,920
-26.58623942930454,-75.79774100416901,9.073951714819746,-68.57187309912653,-44.8179209274822,-47.283820268122504,-18.67218204113814,-35.88323054729682,-2.3684065415191378,-37.7516614147561,-8.725140236364446,-51.456965633765485,42.37218845726789,21.268691668318972,-45.477676943137084,19.92099462458056,-33.74951475696029,-39.107397514379635,-66.86281672894421,13.73704187657193,-46.63814992716766,-63.780147079789906,21.488088448086568,-28.681525843454814,66.05722616684066,-18.807967917747586,-30.2295394876872,4.959037518309173,63.49608780131091,17.927785565907513,7.146989055955778,40.65856095933512,44.02577553222457,22.96669066314814,8.350147180819866,0.8421693925337816,1.6562577121563116,-21.781691657148,3.9645576619757925,-14.626103147599748,-12.288756432839294,10.587814449508864,-31.269251802168952,-5.729944426669471,-5.670211861530494,61.097971043242225,4.237441069279982,39.242279950910245,19.326272159063322,-0.49928515497977505,-9.337586445363383,-6.780508142366555,17.500366592510474,32.27876351668393,56.45694393617722,73.22313094486304,31.572084104696042,44.40200645996386,51.81057684191915,69.90621618592422,39.77951008698691,44.90100763827257,45.60696529434675,96.86565843476103,32.646130056825506,67.19352153852462,32.476288787527466,34.566555926490345,16.430632968312835,49.82014837272407,64.73564058849706,54.532338189133945,75.82649570908208,25.39842572682674,57.533883083967766,77.98678370527247,30.48510826193329,29.874211313924075,41.29985974395959,45.513338053956424,42.04835357882787,51,904,1134
-26.702118926752348,-26.269745070083665,50.381221383930196,-34.33130764386891,-62.4779570531811,-61.21859388121985,-66.95071045798929,-33.490359015186755,64.4391224423237,-19.061563360266,-0.7548371899513653,-9.28565664294578,65.9660425468769,50.627078317139976,9.364678852347886,37.27967445051664,-73.08279110424117,-51.13367259410041,-24.04677539062827,0.5262918335500348,-71.35069592806454,-9.488907946839538,87.68815745604618,-29.267253925339542,107.02937877938723,-13.715053999291483,3.7396286869459545,22.677651299586653,58.54126435010605,-15.936747206494717,42.263271146696304,51.12905472560012,63.23594993449433,88.7048075320272,35.44455707446567,-33.75576519172626,-3.1672875998703347,54.725788617519314,21.039415073322914,-0.8655424012652173,18.36879560764654,18.475617591129982,-42.52158767747553,33.14995748499304,43.383742372431755,70.18873758909538,70.23560989932835,71.73902565691843,-15.704096134529392,-13.78813174507805,106.68388672846261,28.35208193493555,58.18102360985014,48.61894769375595,115.02553191804343,102.46309069277912,81.50693056763966,95.30334820851226,77.89929361853791,102.40703562195836,84.17235303621864,33.470211213257265,75.45425130608976,87.38417204048963,27.97531884289083,99.52302307810957,135.81274012318516,101.0635459786195,50.69989564801387,194.59873243276476,73.27665409093794,54.437664978262475,119.78410616096942,39.60552882177979,75.31834088711497,53.972878397131375,63.7382339800516,71.28381615513058,110.16917586976034,104.00224374288551,71.02833263941565,38,7903,8071
24.263059777398375,7.802257367916758,47.71647974841005,89.0301821371459,1.9161112379249792,0.6775394118424727,11.083621584970356,9.179933951627332,4.127709495915501,71.92942627954355,-27.475423943228616,35.52799940411872,45.75109223914437,43.27862774724899,8.19577853216001,47.49823427481466,-49.29940457340415,1.4954223320844533,5.3345218962960255,-31.805025674042447,-6.363254418186702,113.87187905047892,35.95787954190251,5.390509705624901,49.26502174144433,18.690656516271876,-6.1161665194066055,-13.959978503943926,3.432931110848373,17.577159766317866,-10.413945614798022,-19.193146230741252,-9.417047759622868,-42.39421629933299,-48.950920294764565,5.4809252344630774,-23.31502665767454,66.1932042275413,-12.897395306750328,-14.71349839708506,-1.2529215484169505,5.257993977251798,-2.9509830917619526,44.09710092676939,-15.397841596922293,23.689295951121704,54.36609301140013,14.07169349975834,-47.92136158589917,13.482752829582441,-43.077886111759724,-4.032834534543746,-9.734746419791042,-20.26073135958495,21.720858079136267,92.94207134681422,-20.75713872309997,4.519988449675231,44.50157680965335,80.30203274460949,108.67147208964911,107.99789961702466,-47.70155908977403,-21.854365119335714,94.09426221419648,19.340060642816827,-3.740263535882053,16.77301883246427,65.38988603173313,-20.36516394573331,152.32193101733927,150.96834705134435,119.82437152440065,83.01118982179699,66.0469928408588,-25.049137268270776,-0.6646997564803828,82.4422549950094,-1.1534604111042706,26.43721597244655,63.95409760132084,54,80,223
-36.97169038215724,-81.96851583321185,-40.7010947621474,-91.90878757110968,-38.479181831844734,-69.57579112740919,-69.84332610473895,-11.083660161925334,-24.956149096397954,-46.979294293091804,-51.137067247412546,-62.173323594453855,-47.84175569570483,-43.32843310963481,-3.666046265908298,-9.25428083999129,-38.893797296231945,-20.775472383238807,-81.94528496987093,-11.070983271962444,-43.862371180723976,-75.03128471948173,-8.491644875279993,-61.37658267248304,-86.32757598168392,-29.39294339733469,-17.28313929861357,12.000593024571577,-19.607127640224153,69.0861285631761,85.02961638104513,-50.87003199911333,-5.188852671635052,-19.556475793904717,-5.752111309604083,-12.52582634308136,-1.4464607988419782,15.270154426147945,28.663716404229312,34.79030506460168,-3.5353101187143485,-45.49448641215895,-8.708293007868926,-33.16746335891271,-42.15161954369374,-20.83388178232144,51.1003924718755,-70.68442601861034,28.337873591574596,44.48690358656036,-11.739339746511646,22.154742606920813,-58.56721369614613,34.53774150047836,51.022169498956615,74.55655556822043,56.161215959248864,61.03309102759906,39.24708166064113,62.22046731784589,48.580453720087036,48.154883893206815,29.805577590682734,110.85982946399989,43.779258080383265,79.8663696903503,45.89204118687519,40.27739707974341,24.238444698737098,78.20396755113359,55.96012007662827,60.6298805818173,79.78737202033822,13.52702123466732,41.64235331010826,69.31891841778847,37.731684164680566,34.74131045659217,40.749531573694476,46.068119661454546,41.04403280281589,4,656,728
-59.3558844079311,-62.37135931463583,36.48172626196987,-65.05040921238921,-79.3037920656923,-49.21387018332567,-20.6612700156354,-21.622807627969962,16.716520281101392,26.020476237908973,-15.145569750303045,-38.27732098378166,62.247107235204965,-25.177662815389688,-14.750671643065694,33.36721561928069,-5.0628700440032075,-11.755132174056596,-53.422180259827144,20.583998502710813,-47.1197291332667,33.8516360192555,4.678345583857719,-7.807345527578128,106.80540650169372,-59.70651419995446,-12.734531044835828,-53.37938992170083,-29.233721564191523,-39.14059037670735,-29.45514753155146,-8.83365632189195,-17.8944640579,-40.207339962400525,-58.058313290668806,-11.38993293391868,-15.177377336105158,-37.47902336640433,-28.283082800424907,-52.44118575907789,-53.57345732792007,1.7799254397362878,-39.44215763131053,117.19239470860335,37.282866383472154,-24.15511213293945,-21.108135192726387,25.230023712096877,10.31792702106541,-32.39213354508376,-34.152544663994775,-58.11431808798042,-46.34565635564686,17.948511013584607,82.94868465929525,60.4554133493556,28.153345105782336,60.00635275856763,71.19319044111771,63.8522434922266,40.523752460411735,48.4944355495438,-8.267265058867821,97.24087886674221,36.66938923145179,65.93998567392396,78.28920859101535,65.0158577496441,-6.764970013111079,99.60823324794626,110.16999916919087,95.23834202231411,63.60799615656472,14.680247309919805,78.10782034284397,56.535168142112916,32.24015272396328,33.68752387865123,71.78134017366831,77.83613883408546,12.832506352299806,59,896,1015
-61.01537541723572,-2.5076472412518673,11.561424526716355,-82.50914328166992,-62.55582250455164,-55.96206492752827,-64.63610430766357,-29.081083735238124,19.911210164403222,41.68332842877445,-5.263857476096816,14.171515941794176,23.376526329817946,-55.75592251747465,-33.46580161283316,23.96395400628875,-52.71336391482486,-39.901527746526874,-23.072625946132334,4.173078355638061,-58.864541160925334,-25.46557104784658,-14.147927890118861,-41.99631507016895,50.656541765620034,-59.76112536576345,-43.99413924190138,11.30164071095724,115.19154132659428,29.156945415097397,63.91707922100854,45.85488010172735,70.83175476984617,35.83299639650135,10.997408011303067,-34.17701309266688,-34.66851381940939,43.61245740460149,20.580856636102244,26.169701714114062,28.226707459975724,3.083989196034134,-43.770992895943586,15.494083625177726,19.5939677260781,78.00244255332726,16.65873269223458,46.007235270760624,-12.941543039434404,28.332182672554314,53.89890200419969,13.904914223314641,49.82345852143107,-0.45498411748663514,76.24710164404401,88.6722442252859,85.03549988021373,61.622398814878565,54.483892683444616,69.42645531154275,30.610977757987527,6.907295956250378,77.74326487850864,77.83274601527413,-2.7481683021150687,83.30534421609151,84.18452004280306,62.21736454545961,55.7574212566214,102.09475763241099,30.875554017848344,16.258224465017424,89.63327381299473,-6.8792880957375235,46.13659800911216,108.24279692477121,57.234224612107646,19.828297787346084,74.86059696578613,61.20993643654553,55.830957187540264,17,510,703
-17.130385048153478,-20.47310095078275,86.13311222050226,-51.355849303700005,-26.14375619424018,-26.519050985673033,-29.94729185394551,-43.163369300242024,35.18320681015993,28.713680716265088,-22.57436313138984,-12.952197015467796,66.45920917972713,25.566591454564367,-5.517300149095728,63.701255174127866,-44.96440988612881,-49.85171123861426,-18.475732540111736,8.498770736057452,-44.04886561556268,31.152796053963616,34.24459667229438,-28.149349266180067,121.49751667822288,-4.2249229032732245,-12.736610801359355,24.721007636426286,94.29307746353648,-5.487636278279092,66.26755971201524,54.554912777296536,89.37024648983758,-24.800372382368465,57.65308378913305,-17.72600420061325,24.540883750060893,60.82273279745024,54.45093596605444,23.662270186030625,21.69987886013446,-16.48637716312304,-3.1656445605245116,96.73282956414386,70.47320884797237,57.32250044045767,-22.93899106217254,65.97923173782829,12.316530463069492,21.183801782065874,-41.01527720979914,43.21398883750581,37.109316000772644,7.293237838226004,56.22865277616449,59.41858226047961,54.15164545751367,64.57475486332142,48.225576760539276,54.208716952709054,15.260591448792743,64.45726528161586,49.36500333907527,54.7743369071804,54.32319737434796,61.04974685995429,58.31527235943235,47.424820705377094,-4.222807871644122,82.55675123092963,88.18287710147335,72.18726139350153,57.994430269434375,8.58276226788476,59.547686942114176,50.582085921826945,43.994166619161895,13.26287696769316,51.64379362807037,52.998583721016566,20.48323810478237,58,259,391
-69.72394588850554,-6.801033296866968,-28.941446417454937,-56.98634348997916,-70.8757089821047,-46.90450628824399,-54.097586445377665,-42.80507571160634,-25.95100778222293,-30.286649087010296,-5.067977601114716,-7.196783015093926,-30.957581324894317,-50.45210696220492,-0.6255695997049795,-27.498323608141906,-68.50296043721244,-52.19477322343058,-9.841824844909137,-6.596167201269387,-70.38177681224673,37.979780186940495,-15.759297855128471,-44.24489627795754,-10.234698242399373,-65.4817616788923,-13.674895639077741,33.26202298652048,87.24347764488292,-12.56635384064342,17.67388606948333,99.50937693407582,122.48582265065548,-13.758725884915554,47.240133258114504,-17.843479245801795,-10.89595391380037,35.59632849492574,-27.858178512183812,24.518676438217824,50.899126161692244,-22.55786332986946,-30.90331457461299,81.43857879771097,24.601811048681526,74.65402244576426,28.392547246011958,126.16389045165049,-4.160071466971995,10.55301857043645,-21.698317110861403,25.94809310716043,89.97593621567759,-20.948981821282054,75.62396607062911,94.05017701562615,55.77681811623364,38.38095652305408,65.26632804418242,78.32147966351641,41.9760734754436,29.591553038170826,53.97747509953731,-0.5596421729125867,18.909097177014576,57.05472962216361,76.57671978824493,59.07363674972302,52.33952810647408,75.70012288339922,62.751162909314694,47.28334825205745,120.85390096549891,18.899025351034872,58.86587440620663,-6.876312060053746,51.70145317016407,22.08254572340587,75.13427333493387,67.93505928968926,49.26724295524708,34,8273,8432
-75.87959065504822,-40.653107552522044,-44.61138092912996,-52.587832600797356,-78.07539278574453,-37.86969609823367,-27.17101092476476,-27.71161251184036,42.089903247194,16.136975654778777,-35.91666476651626,-22.163756058084157,-59.819156099824845,-75.14315874826625,-14.129000871341521,16.807725535341785,-14.356125379376547,-25.947711048656235,-5.441322516883974,-37.41168838544407,-47.78930199255031,-20.173373516767914,-51.56570065854422,-43.16860774582922,-96.53114717428825,-70.9930308148352,-4.167467958515225,-17.06305423445049,-34.983519647313976,0.5495864767553013,-14.991276050145402,-24.33175777505875,-32.63223547847861,-58.76563926910748,-3.351775169983711,19.665776654634165,-8.328310975300983,83.76248506234127,15.708354511462892,-16.52217986601864,-24.53279870224269,-41.0375588628141,16.157973743615845,87.33065044846131,15.602327166947191,-15.111069027303598,18.1423999977242,22.84818865380935,-6.4848893669175665,0.9611653249437184,-0.8597088917495648,-21.129883031989166,-38.923249428768855,-64.38821908518653,39.645303072884595,60.477816424654996,-19.455508666278202,-8.127963041517503,76.77285533970847,74.94101249845633,92.32675411178668,89.27145547493754,-59.64958773689221,-7.111167069823137,64.32671260064593,2.67098220856835,6.908743774043017,41.079897815270975,46.591361909330494,-25.433128876781332,157.0035705398343,139.6828046107536,112.20660513058893,79.00729919737826,102.04836407563751,12.609093309672245,8.377694067518227,80.92021792005357,2.9678049770940564,60.06388862803114,45.14689497896461,48,127,224
-43.03828102201454,-60.68246389446145,123.19605499836975,-45.692032701790666,-53.12687040337578,-27.57161181194789,5.5046325638256235,25.643939017181598,5.359838301520669,32.81537100990413,28.844139354777433,-44.91176480278358,84.97804694591719,-31.983713300617538,-35.3903625021552,78.21546199127347,14.660761061646909,27.227789777747148,-37.41715846602204,30.824880855628024,-15.004194827864698,-18.137546340426418,14.852705357341875,34.827501009240144,155.7264493643952,-56.555665487254615,-6.475763152340955,21.916097173027353,73.81311176585392,-30.107287224219643,94.68322870089027,33.313392231164954,50.303248070422626,-4.288533920954752,-34.18680724999626,-34.33076827730086,23.511509833130653,-24.77174372356781,49.75990349915974,33.62471809271358,91.07421087346643,-46.948732582074655,-52.940398023869605,4.706406167386917,-50.60676064547573,24.571369956510264,-13.866998810939455,45.731464350607325,57.823638399983345,37.493756074622056,11.401208493988655,11.254825582285317,48.44016903283718,-37.59310797764688,81.23008025101264,85.28071724782195,67.40854519207984,79.3830211202615,57.95034732291118,81.50687971105255,49.59434533907106,15.150291766004997,43.4131250579635,143.90471332036873,7.195422210476271,99.246086239826,90.60535937983558,72.68602454065632,-17.641724551525797,134.93597088036563,74.55281004369866,42.542533334586295,88.44252428870564,11.93543273259583,62.85469016695562,101.09985895095271,56.10704693662058,31.92751999609131,76.64886271945605,78.50597822783016,24.188384541713194,23,8691,8759
-45.57128983423392,-2.785030158593339,59.530269940337085,-32.17521929842475,-47.642934347324086,-23.12384490556735,-10.22336408587597,-59.167374227288846,21.6732729502727,23.738019280236696,-31.58619177333343,2.0177438387325672,24.436787575347108,-26.40378992278326,-27.771916178275717,27.064815018978493,-40.66798792861766,-56.42336966750426,-15.71602385415687,-13.484493452032279,-28.885764907892113,11.013127402645177,27.490778643047562,-25.644720321861563,-4.15034949089849,-45.24140114012556,-10.777335362334782,-9.664627098718622,20.478508026036543,11.870564421874477,-6.205439502528652,8.575552187205636,0.8675658916403062,-14.900699239935552,70.42201714854541,-23.15681571738587,0.4840350451359363,103.51086539887258,-11.699619660324371,4.275744843201034,-1.7697027724894645,-5.300013614705653,-8.833189207959478,108.74373402386897,96.0264653918185,14.448246418793634,10.328378707944811,40.19756311606794,11.041234351563485,11.92214953689055,19.578761997712586,-1.5751268702491175,9.299475936922843,-23.391599248230545,49.511723679667405,36.294013343591736,55.08114668364825,23.320178939422618,49.192468575141305,40.960716663855685,36.16589295246728,53.247742656447805,58.767834214712686,37.713775877491486,52.319460206680205,29.189106104950486,52.092518418530645,57.33873210482921,-1.1241702480445683,51.3381688315962,89.79903389917845,78.0706842021906,40.44144698356927,23.20651411240965,63.17092498398641,16.063701747534598,46.98962260114124,33.77951723932761,44.679327076390635,64.63817708489032,11.168650901297427,31,870,1088
38.00337182893076,-9.313635418611565,30.124267669814902,-30.489328711913753,13.92884603959629,-22.877003796304223,-25.742827062554447,-17.097928478630685,10.684761334240795,-0.22058530396293305,-4.085883495380789,-26.52897438084345,30.421424159080036,62.40963650723469,-72.48127752819936,3.377168710958119,-13.165941609789725,-23.30860627782167,-7.9938593129534,0.0009468492368754953,-14.029292226694634,-25.238075894887192,60.7336906782955,-26.855318088315606,85.30651339145739,46.889714448399275,-38.16322546370884,-26.689308624340068,-25.16833526655869,35.05897654790846,-14.710279466074375,-33.04138393171247,-33.33009910586109,-12.942910491237116,12.823010329104703,-24.975446841415863,19.935954237889362,24.551109850267913,14.650753704079857,3.0320097501941676,22.494177010310775,-7.0119619907689845,-17.228407320435256,46.77503558756176,27.51018443832288,-38.32080508327362,5.370305639087979,17.638223405119057,20.998686720408553,21.984448611623414,11.296329226501998,-5.977834432304314,38.815191887309624,-14.001249453043984,89.01316970234818,63.98497579746951,54.13630426387919,72.20545173589294,62.8809880395536,67.66108039019088,19.6071609874912,28.15709793046677,64.16492317905835,128.55704115021257,20.14830839382875,84.48377268893559,100.36154834933389,68.1307967458747,30.286781366947206,168.1714274535421,71.4207666527696,50.85128027735897,54.62141086698028,2.207130835673162,59.35460013017555,143.05483658149535,46.523027980584445,19.788077964169574,88.47022743800127,71.07273416751127,24.623502318732328,44,1228,1343
-74.71145116022377,-39.2287594197874,-15.1449714436104,-90.51594745541605,-73.1066132255851,-20.289909514796907,-18.683003912996448,-39.18590741219221,40.901030854856906,-28.55763193917002,-37.46933712846286,-46.82886481754428,-31.18245873557422,-80.11662105138167,-5.739321771749494,-8.324285704483117,-71.40202088349305,-54.468601978424545,-14.534736697569642,-9.305034189704617,-78.97694009091663,-1.182099090658064,-10.272323879961764,-50.08894247623078,-44.42595920469707,-87.45612318869821,4.050138989738161,26.09559704784454,34.50702363998698,42.57448609888868,-1.5144879235097286,80.58983601164492,67.6905273933447,-36.04470317870388,-43.27532473525158,-33.754976271128065,-22.64004898436599,-3.4103310392637587,-13.23658021229692,32.36415285393099,25.559417433796007,17.63114362766891,-42.3933028864058,-12.893946593748751,-31.9125497154213,68.62570233210567,23.037258094590012,38.183752219258324,13.166305120041322,8.042288328132848,-19.41916877972999,11.306857127396691,46.975323383188524,11.016372565415189,59.50336813353143,36.107271167000384,70.16066675848495,2.852385460103439,60.17485546324705,49.368685631101506,46.76301209234933,33.3425764359782,121.59115187749407,-14.107206432500071,30.48908647033593,2.7918888220194265,76.96937997648914,69.51349951829597,-13.794912299492129,70.81978087675978,65.59266946107279,49.90527172436152,59.32965231870042,33.697076937118126,66.04613645864751,-44.99038653747967,56.95991208789446,40.118534888737365,68.9818258953182,73.17265151135493,10.363251585558714,46,953,1135
-26.130848628788122,-44.02920656920272,-0.948043017314403,-19.315614562135032,-37.61033364998583,-50.98302123048136,-32.59280554553764,-52.05568660650529,6.904134922690671,31.60217400103503,-53.11264357578056,-24.434718552258673,-31.513258296587622,-42.18115543362715,-35.84912465535003,7.884868606400438,-79.68278146415221,-75.3417722793105,-47.18583241735478,-39.048764585806516,-48.77445067496279,-6.099360431230815,-6.051511619515258,-48.306709819198616,-51.48922523459616,-34.1132321186311,-33.50007587240146,34.06622556245772,-44.23789037499869,-20.286715960602997,52.65701243961004,32.196720175389444,15.701127466618756,64.04316246137118,46.790773443593594,-10.258445477495098,-6.505592203286772,53.66660801496895,6.392934862692233,-4.723839692128391,12.08720516465229,-2.047402767042441,-18.249495194965593,22.228649967811524,44.38760012592701,-6.208334031718757,34.49228016819001,31.330410107856956,0.37007222057682204,12.657266716165358,40.93566040438667,40.960590161126945,41.62395917836065,40.491435694528086,62.148276736454946,65.90367407315773,13.996415310741078,44.07297973558209,52.200061236449336,64.17418371289787,82.89395266655167,62.091191051658335,-16.24850470767216,65.83860049928306,46.971431662296574,55.13823511010717,55.576980968216596,63.17299017052236,39.64824342384116,71.32505352074197,95.17025182857888,85.66438044255858,87.09373758249744,46.47691480460816,62.41630786791929,65.78590106785953,41.18822289904446,54.13061080240337,54.65893142647784,71.29634754798998,52.113148212770845,30,8214,8335
51.58870039224722,-65.15640855504785,11.839210791156198,-57.92595893362421,57.43777961263591,-4.620988118397014,-4.8430035500995,-13.286215940866168,47.640728839644034,-47.227121223099324,1.2477694372420394,-37.74811999085395,11.717097329770025,-50.293243327333414,-24.65616041559221,54.80085305522788,-6.743926425124131,-0.0171085217872947,-57.88541300557344,9.992632764795992,-26.333931866823125,-72.54786751868859,-24.39676319675212,-13.65865309478698,-84.26158143912279,6.707670949777837,-21.731052019766857,-55.94429157190043,-9.543044710018474,-15.851371067959827,-34.52184118303596,-53.63581229223876,-55.889127169921736,20.71349788916513,23.608940285811748,-8.327292241380864,13.713027478199127,36.88117615614888,14.86782156587967,5.674451179877536,-14.989358641791606,-32.10460744682197,-25.837611174994663,23.1548663248606,33.93256950203055,8.038280495901995,113.55242951767354,-30.959016225814374,-6.014596519746919,-4.608229401243452,4.40219475972854,-22.23720672108173,-1.0490700571554616,-27.8188900291451,97.68076498612868,93.70356892077095,33.840747116922564,87.20506055695212,69.62060076417215,92.70201806910363,67.68551106259386,43.88585440884113,22.080286662390268,155.11116646580925,49.53230519324596,112.12962893164311,96.44440529666987,65.1427708184728,24.79080125057638,174.3306622090593,80.28987586242471,64.29272881109259,100.69306800683226,59.17602501767091,66.64744412074961,88.7199622335952,23.593240462080132,55.854026312446614,86.29172342366971,67.16948059169383,65.22020112088144,32,1350,1400
-61.930099895268896,-8.749809853625068,4.098040741829226,-24.679057880109422,-66.23323868217912,-43.99136445787455,-30.925729424132065,-32.556925435960395,34.11985445907481,-20.780001089399338,-25.92201104972054,-12.416973290870615,-18.2636540003989,-43.33243780842117,-32.23771601491708,7.498538207787702,-64.38458080196939,-40.202394300516325,-26.318870307691196,-15.880803881798574,-71.50892576971927,-43.79385748529182,-14.692753975989254,-46.3744669305692,-4.295158657264595,-57.03294600497336,-23.375064924412463,62.48828703479865,13.026309114562082,20.80103545449771,64.05782806910089,90.65038951846229,78.13418450950832,20.800239169656574,34.794545236973086,-23.442179226068554,-18.088266733789315,-3.8980160005206566,-22.27273472568559,15.84462017362619,33.43796549290444,16.01411208749078,-52.71690573851801,29.667063440896317,30.11380251847801,13.478584918197503,2.594233925418248,57.38287914115263,-1.7428488232180024,13.22226680054217,59.452799144993705,51.23041291852519,64.79681836040938,27.562855934838215,52.531085504551946,49.408092089159375,48.50943840707932,34.9356012420702,36.58193371098687,45.5147896376228,32.88283079850286,-6.714752784707898,75.03686296013717,-3.4366564080619595,-6.810724516411007,36.72526343812168,66.35566305906355,40.81075940225289,18.82550985323608,98.70275992943563,16.612556219669823,4.8063052527892935,56.96094891435288,5.382227314793894,30.255757995368317,-33.43435051416423,34.38996851738529,19.73684158111748,56.4812564101486,41.08205288249088,49.643702256588995,8,534,682
-52.290839239993225,0.5507821459386065,18.312484207275556,-44.17607061217502,-56.768125369810306,-25.215857528813242,-26.18432054509558,-45.08945162880652,52.679988731566795,4.38556423623213,-20.175785230215602,14.675639444467551,9.591276296304278,-54.70299903584635,2.7855862089742183,-13.963112782736731,-71.76212906668489,-55.573020126105,5.516456695929522,-11.613275124629547,-65.06081899623199,65.19542309842751,-25.78372449626703,-53.180748789889584,29.961153272805934,-66.39768602969673,0.008156241738371785,1.0411923380835895,100.31644816414907,-19.0212040939184,37.31582468948512,-18.122173986835023,54.497695202039374,-47.83143348490596,-44.46419444053091,-30.7409676108721,-22.183823875023784,-39.03684332067905,-12.915847204731397,-6.911831471664395,-22.44495483948811,-20.091766806095432,-41.20570796144104,-55.87151063446287,-50.78960449348894,70.98414178780381,21.850891652445913,-44.43923491719913,-20.20250499177849,-55.82303667563618,-21.129899213444258,-57.01747645037034,-27.51518677571838,13.157405428828131,55.43867052563807,66.48308318380981,57.355475801640466,45.74394007251364,40.87991442420405,62.28778686537081,27.72973770309499,8.515190589537314,81.15802372368518,-8.618500796879443,0.6379688979256077,44.88348324410767,50.44029421666595,39.643417649485954,39.29428791304097,72.0540657348673,39.502390346237384,27.09302971851531,81.89807329575653,25.046161898905194,44.97870258242415,-17.21850832167371,37.151743794040144,24.330532435336917,51.138944446758536,44.43981487392804,34.62688710044103,52,30,270
12.07665085427838,-7.774007188096026,83.29723123814024,40.620295528596905,-36.9496334992675,-43.358801873012744,-18.539008409779072,-5.752876738826679,23.785131809277445,67.08832054555512,1.9579442886213791,26.76772848168032,57.443484267149444,76.50306759383311,-45.0505481651367,62.743956858535476,-75.96617546849868,-37.68815136640223,-29.65840418246126,-0.5650524236443238,-54.9809923957823,73.95015666299444,35.237561985190524,-3.0313965410923243,92.57875842992183,24.13132136307391,-38.47297294868369,-31.066962790296422,40.99940326763174,-8.476374386922993,-10.234258166255435,-12.500853958070731,7.989701519433801,27.775065164958068,-62.901966303387816,17.341732029521843,-25.0514321175837,-24.482458201350372,1.1802246502654303,-46.91269173945549,-56.73234448700103,49.69751762413377,6.134317445143042,41.77970831021424,-61.143131959604716,13.973387841836846,53.64268885854367,45.52496927707108,-43.275833637228395,-49.55509967815842,38.59835626960087,-48.806008867621706,-18.55225372065967,35.444459531825075,51.12452294655917,102.29854918739198,-60.8501522353145,45.34417358698606,50.05020941620886,88.93087148920897,75.18056827324982,40.74972842919406,-78.68042156351626,-10.776068038006684,36.67443129448637,70.09145911849502,17.924081696571438,31.572185770729185,94.10616976805859,-12.357909927972191,69.21910069900176,59.22501982546473,107.93957978238753,57.50336902637987,51.85333436487731,-19.862868628580006,-9.749047333783354,62.674697556909756,42.517044899125956,39.02344051054626,71.18809922988625,11,1197,1274
-58.38774485948663,-37.851002834164035,23.71365165393914,-45.87758308098031,-53.23000532920602,-29.717601314500886,-28.92015893398991,-34.911445372510364,15.698194417825517,46.89386136073402,-9.965748913172806,-29.528539331793922,22.345240417664016,-20.954285321661022,4.126599007300667,44.49976002446766,-28.21973658922922,-36.292650233252594,-11.61871862061205,-20.92024085334668,-31.547172753959924,69.78181940148832,1.9004557607677819,-25.028927564673197,-68.95991498611693,-44.59622536587231,-42.02989443978228,-29.327272593550035,-46.91205626393262,0.34076363502558976,-6.892840188212615,-9.095576825356769,-20.152350620166047,52.887191652538114,6.611751399183301,9.125712491812545,-30.302448609364973,-4.476138875641625,-20.29709204844138,-48.854946384321224,-44.050939193426736,38.91083722862639,-4.206669990237866,-24.499826848008457,8.887956760338666,-36.5584421872525,41.910768428521735,-17.981514604991002,-46.801516451375136,-19.410850898167524,32.391064490076324,-77.39472436432845,-21.342077979743816,-11.766149756390107,15.028888941984569,57.98583665560489,-49.46275500949864,-2.5878336540259825,30.351748100989358,43.944536061868114,71.94038329823172,30.162358469566097,-60.56251720408616,-22.967299446458675,26.469347067033816,14.11447164071352,-31.27010845038293,-3.8688499609412776,77.1377475463462,-36.47738193813333,50.04276185057661,37.6640835728274,84.88810918518783,50.17643358516326,47.29195010197329,-22.275635656797384,-26.27733105395576,51.04401116726216,-14.545273609020851,17.27458451128366,53.14993148010463,56,67,210
-70.40841837377327,-46.54043593635131,8.399489032613136,-83.8467133240302,-69.46174872223662,-56.91845548873531,-29.211636672362822,-21.840730528020934,-0.0009540137523656405,-68.03596309985596,-0.4839852299924399,-52.48904467509591,-43.82716255152463,-48.61972764647798,13.485355067772819,-55.89897918767828,-47.71797443321158,-31.92110784459667,-42.4666832046312,20.694226185789972,-54.51714297361542,-40.53408930882622,12.679673990507503,-25.437769208278716,-76.48813626922212,-52.83992370118623,7.0887527396895305,-8.491418639535015,8.422599436831826,-23.920560570725513,59.64409257090304,11.629848183834513,20.304803703527284,-45.49794878210571,12.548478481406342,-32.4166153451735,-33.46289096281635,16.63310523294596,12.065138924939161,1.5524325562560226,34.165259370895946,-50.31250914597507,-20.32687246258114,144.70425923741882,54.352792832156595,-12.520247549380464,-64.78623402547751,45.56504394925865,-23.090047844537494,-5.1178059846747574,-59.237220129988636,-17.01968126743476,55.813986921041916,-20.78865863931269,9.842991504696316,13.813902083671408,28.59587998736661,13.306123070911488,10.657341189087838,3.6777680583424135,3.5322646287430275,19.981660485913068,69.19141429068723,17.010460443463565,15.781900268348368,20.25717940328617,24.484469254336634,12.574785845208863,-19.015481253998594,40.702810059505246,32.33869564965082,27.90252103552343,7.839323897904209,-23.023193224524647,18.70826281234301,8.29195970330594,16.886100674311948,2.951081877363252,12.959292619338413,13.85723055381845,8.269415892462064,1,352,487
-47.27357757742798,-17.264397368762314,67.30178509654829,-40.783447610219234,-67.23943804443512,-74.06793368974812,-62.53105515288927,-73.28987279655047,39.019429056017,-15.028392297623045,-68.45014970697154,4.657546839534088,17.58746264729649,-24.63350528291657,13.346657823380315,35.92526643688701,-71.81065948624838,-73.64030838826079,-41.03883237292975,-34.28860535779678,-76.17987590532564,-34.36609622076786,23.294422203217234,-73.4791623933182,10.794754053330985,-45.57424370354143,13.407755469253399,17.275628570536185,91.28039166822282,18.514582290796106,27.5844729459772,52.19757513357152,67.74898290298738,-40.72521351258969,-30.059106607623743,-11.496639402989294,-8.870883879948522,-57.90649056778206,-14.124775660321628,-24.426135801470352,-10.180701491238391,15.326605747126843,-21.31947297079426,48.432509802550165,16.621059550288805,85.03540503604611,-26.364532542573333,31.49504520606407,-13.387016849611935,8.304950636266458,-65.78862111528385,-6.2660706866450475,-0.6889335685471762,46.73031651216864,90.2166763993248,83.07425709477268,60.11785519049303,55.929959284360876,70.60132848054218,76.15355495207653,37.01520034098984,15.963502281543548,62.245054322017765,-18.302571692968023,5.86533476607036,54.37321603777321,98.43601325856007,86.42667464752802,45.55281645947975,118.16946981935004,68.56191924804735,47.01974214747433,86.15106038542659,2.7469177326659544,70.18294371741725,-33.35912296229091,55.415884290784234,20.33793665801102,86.19978984492879,86.9369642942741,58.909065402551064,58,1014,1183
0.4966380559323065,-48.878007740188664,24.201822688730957,-61.99743944079182,-26.407382553041046,-33.03489870032481,-12.565383813347747,4.684765619515552,-9.18639739332797,-52.08956193564727,14.17926288851811,-50.35176505830472,-9.426677479760013,3.060526935699046,-28.288914692560596,-48.21364718034237,-7.604260071751076,-0.6825759347382464,-28.227911949954958,-8.26315081133143,-1.2100214093960675,-35.0962430454443,37.468007563476505,-1.8884613186009536,-3.5583084302384287,5.608903014524804,-36.13021405048704,33.65647310023574,26.743534298253934,34.4431341616466,5.246713706674026,36.12535786076182,39.65412289985733,45.31806420523568,2.819602798934068,-7.654477104795589,-14.878050265305937,12.687187995922548,3.057075870904008,49.225918098743925,43.226445439181745,-31.08357749152571,-10.995450550981154,-21.540029492993167,-7.251203422384547,4.229122121457415,19.579409682901787,39.72501314746243,-37.46404990823264,17.896137549857254,38.485467787023396,42.62423116527835,45.838841398784034,22.690035535751143,29.363421797460852,21.952489212282515,27.466564512208997,12.499976754607877,30.127298428444192,28.756884101846918,28.174216372479123,22.26557819063317,32.97140060615938,11.913280581186978,22.67517848084403,16.743702463931285,21.829295590904803,21.603677881932388,-5.277458213866164,29.923342066637492,33.450931030143,29.059297790894483,24.102434558233508,10.442094449547223,27.35402392337346,22.446860866699637,21.268398872049733,26.132741597528604,19.57617674601757,28.329222796916387,-2.5464994329373627,26,919,1015
-20.039119118185642,-9.449216057238925,58.702467160209046,60.51293122667348,3.473307644900684,-48.01120762708548,-60.42449808820067,-28.549641667359026,71.31162204922697,72.76047303226332,-38.476043579417905,-3.872046038197532,7.265720118703871,-40.41945357483044,-8.544649538518998,57.37946631874474,-20.50559317304228,-27.156443404235603,-30.065546109463494,-38.35780354632872,-23.757780502389345,35.90109581849112,25.953395156622594,-57.77062095191204,-52.52124584466837,-36.436400103328126,-9.466699927109364,65.68776105826637,2.699028935131635,-25.706169056676597,20.09376111290322,82.7683222373836,34.23724412937425,20.315837324031953,125.75567916851749,-41.86244218135963,-0.6563010251187005,68.80924606911965,-15.430681594869908,20.080570481032805,47.04429793477938,-7.908778466009537,-2.703254943592324,173.03444634378965,135.36210451789205,18.978287256720343,44.725969164003004,125.25719765274424,-33.797667408441754,5.224161707244573,39.75546517602303,74.25158155492088,107.50197040607603,22.601641912345315,73.43556297414813,58.99726264737553,42.24481910704985,59.12555228612395,50.40309302170202,52.438295898609454,55.06393669912425,19.7580407688417,1.1540985771284562,56.72408807020015,13.758000489282399,63.21104998118121,64.46965168099723,67.68669483116525,60.14400898368011,79.61521404679092,57.79247301719376,44.829023318075976,59.67298727399596,51.867977035957416,52.622417879925884,54.69768036295638,51.68733951312733,45.12163740173267,66.51962033775469,72.33327309364033,57.9316531411221,13,63,127
-68.91426910290606,-90.65133677534331,73.50319934286135,-97.00190511028785,-76.29903606609108,-77.45345737895134,-37.99514553185803,0.8153456950513711,0.10769229670903674,-55.29078768631132,45.743566721368225,-76.97738785436687,-14.032101775703179,-71.85481164381589,-13.110870208106185,-23.595437175433226,-60.34225708990064,-20.22641680719937,-82.3263206103742,39.11746370606091,-69.17203803388892,-12.193362129519137,-7.471451797622798,-5.398093071920178,-29.18181982623379,-73.49836377975447,-10.012434695482897,76.80835375914586,128.40708764390766,-6.508326568172667,81.98979296547847,83.45408092267752,112.59022903606353,-39.52702979716442,-53.533124401012586,-11.83315970477697,13.371846716442265,-19.530640810763284,74.58983757483325,52.49261195640603,25.721768849013397,36.505124053976616,-8.162882630917888,-72.32288977120768,-76.38832322356443,107.04158442418183,-20.067760664794278,5.538570787628307,12.996213887155541,15.46629788308821,-6.374123712439964,42.8350410220551,16.95732157475994,14.847938266385775,27.63690100064005,48.41165030211939,39.13865687549251,12.149214915559401,23.387213597921,37.33031535546147,21.240202464405904,-21.418999628733516,53.55838318988355,23.812435445935765,-20.908663177726712,31.24380409732879,42.90803734411088,28.09659653697556,-21.37378630325663,50.527244275080044,-13.862085623105685,-21.759039911843715,43.53118128961337,-18.28811079380147,16.68062057639101,21.59370104616546,24.616433068466687,2.1530704693304568,30.751965107891333,27.13665314130665,16.54079617699507,37,246,367
-24.21418607440806,-26.25787707912425,17.765710275519677,-74.47561609793102,-37.82554920925952,-15.08094134779395,13.688165921588858,37.319712943968874,46.19223701332083,4.119320611268639,35.64506949373365,-21.05347751694637,-7.536359356050413,-8.27812863285854,-23.46209290832966,1.7207256299500868,75.63288588898625,49.03647102611443,-11.908356468153103,23.979905757295427,16.722321244241158,10.768293110833453,15.388622217279593,3.7548977020864087,9.394703131247235,-22.485596767725834,-27.537648991053903,-38.80797205936611,-19.16031045644476,-17.840895146172112,-3.3445731165645824,-51.81688881647909,-22.267307672085302,-47.315614597686945,83.92996226816214,-18.028644854080746,-7.75298255944851,110.84877148953542,-14.495244966966245,-17.708420986792717,-11.2786796231022,14.9715253266325,-16.427397770302647,55.43695171736957,84.93725199027276,-45.5250349320558,19.443461508520993,-16.473373186262265,8.081674010513245,-14.167099299376915,-28.894070325958786,-42.62773326864671,-20.252394518345184,3.4403572712221844,41.367564911934885,82.45785348144481,-15.18742798336246,55.02789640834804,41.63427778566087,68.26702263651096,49.852051635656636,86.41838909288998,-29.544800757880214,114.11684092222009,72.53609676578156,80.2601519509962,30.455044271919117,27.128836651941768,37.35068737310781,52.776209602212276,118.84023843280882,113.2980142745391,90.29513146707815,46.50077703961795,52.37318794307855,102.46009236074838,3.5333524670382177,40.54539926095102,31.300773230632345,30.64600999584969,45.705886689019124,51,654,848
86.16244600244484,-38.367792467615686,53.138349917469554,5.885939899713718,10.57367907060552,-17.90792945698641,17.791378800442747,-0.7859738152602089,70.17777655288438,-28.392870275983746,1.4083554913736203,-26.325760036760286,110.85774853209396,170.14249888305935,23.08509677375847,64.45531657041724,4.760323764822911,2.0326110663728705,-28.14042217265516,-8.501886091364334,-20.041743268734297,-54.50372252352083,76.23129963690853,3.2386722890243496,331.810820316029,114.50320524435058,8.706361157018087,51.01893340161765,147.30623120446353,-67.93311573633065,75.1401373452582,63.52516804569965,118.28804040218573,28.75679869781351,218.03608683726253,-24.35596695047787,19.179270984624598,143.17379944032794,67.9243905016215,-23.295154626713583,-18.88004762587516,-42.22816456164571,-56.206119789826495,51.81995734162068,125.46443181427065,117.40635003801523,-6.319358906384159,109.72433162274517,-28.240779566072803,-53.79261220107827,68.67966409624992,8.614979409562448,39.97100258973491,-7.0942166918799785,71.94945544374806,95.1804197824023,-16.280812952336223,60.233820049268836,62.226591239659314,85.72484519033966,33.00438726421918,19.904823927595054,-21.67937916674539,15.02962758418305,10.239352635951334,72.14390432804083,39.967167382644064,45.71674540060906,14.497971810988105,61.386014275632725,56.385537356432245,31.973575121286334,96.60770889484164,20.81357908456953,67.76401797796998,-47.30614520335967,20.885040767522693,36.28254034655115,49.87660906438384,58.57575155152516,40.01378341862625,46,89,153
79.09206727698322,29.14411949473481,34.25677229112856,46.36734156985936,28.578064215586085,-0.43787025348216346,-44.91057962245633,-48.110757665051096,36.001818136469225,18.008959158920998,-41.70115408521664,-5.916063469081428,63.76556651710226,67.98969541250055,22.956689266687526,-14.842173445176488,-69.87616284494824,-58.34522597119185,28.545935429815955,-9.66357723698479,-63.1040550169336,5.390203627868406,35.32262614648855,-66.5288636294573,208.231108127439,71.70838375252777,24.553409150474565,-15.86236755868852,145.81936742595957,-63.81759887129488,14.952153910368216,75.98164849275972,85.96631497178531,140.3910262307605,169.42208976154006,-18.051009525188917,5.665254609105041,111.7946617028518,-11.690519902419297,-40.941701353466534,-16.293442225949676,-22.730955679306724,-30.591041093329196,119.40313661938728,183.85352777102472,148.012873357058,63.36223100304257,118.92038026732052,7.241717460797431,-5.230056111133219,76.99557926840804,-69.43608379569395,3.3019649665698245,101.93901182094267,42.668199731816024,74.21336753971073,-7.826404175048235,35.30040175166778,37.43217666288442,56.211028199161774,44.144780593098545,35.26698439900069,-17.717979553090675,92.22423160045632,17.590055141586987,61.78105737386943,5.475745763143356,14.483869047015896,54.7174885233998,25.049384366437426,27.70200547743173,24.481020258889025,78.73930773789652,23.02218049181118,31.59243511983779,69.68161123761604,5.006596580039811,39.342358455804735,26.97175368977673,32.06866584264029,61.87266091912691,43,237,320
4.802015915198159,-69.10944878489204,-50.787022467527756,-63.29972458317768,-3.801799207105472,-80.02356222393223,-76.99165955843273,-49.44064156019761,-49.736436032501146,20.82997473520555,-48.814799033865604,-28.03189937828336,30.576599163025868,67.01279799143644,1.0759453296006254,13.793434688059762,-11.892868430361203,-33.94998563934385,-79.8074966755877,-25.88381146004958,-16.463642471088374,56.784068057699635,-19.743191807698302,-39.59161319717789,-36.277614950033296,33.95052715859788,-1.3602421557121658,-46.63270709453075,3.912803510350494,-69.59027685101451,-41.785847876875806,-48.930295991284254,-36.893919381003165,-54.33361305140005,-85.9589785245405,-8.723137576633155,14.392892969445196,-92.1054988844956,4.895985567189333,-14.656557954212346,14.487746646638264,23.958896778023835,-13.19250553664377,-27.636331771466992,-62.36369570299149,-1.1666159877992832,-12.591540412742694,101.66182050316583,-47.090830665324205,-43.09414491400718,-82.28667368166221,-55.8204375853194,-3.171847926308292,34.206702617560595,5.027507072441232,23.401024203163903,36.57558055993018,1.234739390248113,12.928888934787455,2.262474212113632,1.600872808532922,28.38926658706052,34.199802586368904,25.68720358001533,16.043532320110295,23.32000558958108,-3.2780324714529336,23.721328655073357,27.12962155477319,-24.67648941001329,57.64817469372419,46.09176476148345,18.41992750339263,-10.049314564445908,34.75681579721292,34.4059945385486,33.52485722533575,-5.051892410819262,-8.515165035399946,29.607926670199376,26.087414770421063,28,112,176
20.259614424544697,-35.490022989255934,-38.52624740491113,-22.773178824034147,8.94455704659845,-50.689413534672454,-16.0135142163656,-14.24547241167023,10.732819097732389,13.631713564529885,18.53672547426232,-27.793036965553995,-42.32523793958922,-23.604009863846255,-1.7254331124308138,-49.066879339203325,-69.49104158239204,-43.80766213765187,-40.81403483650896,37.30733805370539,-16.94042549107097,47.131207470971894,-36.13267632757122,7.9027227364618815,-18.43187050618734,19.49703648965569,-9.750170729912982,-45.033413777193026,38.155098551793984,15.95882824248406,-26.585328709857574,-53.08701089120582,-12.733257544040699,38.111130029139936,10.140436296834883,-23.147075859384938,20.796357126068006,-42.125648385772216,13.267876523903407,-25.99144257929982,-22.13324818118358,-38.1203624844196,-24.03935712168273,106.5721003554164,68.36770248145166,11.210452526840582,-19.988263912006932,31.088858370010936,36.78659014264043,-8.256390974999231,20.88347414122009,-15.045670724640145,-19.221316615145888,-49.36041575052085,51.66695275220449,53.95016635053595,1.9089411247294932,45.880201116383866,38.46222349421984,50.34191623829856,28.56271842671681,6.938765942380592,-19.8558931847918,106.08168404528028,-4.351417884383816,59.01563972683914,46.897961055441506,30.699221847828078,-18.585996177250035,80.90255549517052,40.960906670428955,27.893763496665237,52.7634465998026,6.75128830071129,34.22726485069066,82.47833001358744,11.226639159738811,16.05377136196779,46.05744544669385,34.78331215546379,17.42972163424083,47,606,680
-50.93000498060888,-25.85626383008281,10.377520218694785,-60.25162109573139,-52.52755654321538,-16.08981006618376,9.544328182557223,9.908794346163791,24.549365742238567,15.38686736114993,16.769418982226842,-25.015815168505974,58.884442106682066,-24.25774576810142,16.484480152573973,43.368566484609595,-15.656872249104328,1.7897827854509645,-11.079019213354174,9.996508104838924,-21.596393653356486,6.0686405628750695,-22.19681915655481,22.74111327111099,94.41614394737088,-45.99917990323089,15.110338899974835,26.934829231892593,46.33105734135871,-30.70872481465361,42.6808267020666,30.50148210787127,36.09652761116109,-15.880934288475665,-40.00029917511883,-6.510046504744202,-2.2107818679414044,-4.920754965532416,28.845242737557804,23.852195769363487,39.547835214388996,-8.137777461065058,-46.21927938466213,17.001703945937646,-28.542034273937837,33.89100017268832,-19.053617278717418,31.534863089634847,7.074410041300373,3.440828844913842,1.6883798651983097,30.42415333925095,37.18037211149482,-14.184655879224698,25.983575508824618,26.940292522485443,1.5785750606659406,31.176095458659763,13.29255309260913,22.64181730077781,5.2033296197562455,-9.05659932109578,-22.70160940053646,68.34794400644837,-11.824328675281057,34.54743149879847,19.86281147164353,9.92338733100009,-1.6873184863717738,42.695364665982225,-5.027840482297331,-6.263149736099548,20.52732003881473,-5.753975001263906,6.167031770925944,26.176688622598128,5.1119803849324414,-0.0912390054099043,22.037912929650442,11.02813359265534,4.770994043021037,49,785,918
-88.14112331723729,-92.56563464616637,49.438075312278535,-73.81501422592328,-93.16797281951462,-69.05263225075223,-18.010871469191912,17.31243692288799,78.97311458501261,-1.3780019927412324,62.56802795290683,-49.41436553447456,28.271699005590634,-71.32847018509926,-25.679936976816247,61.211336981320876,-6.3801320327069115,7.835709547609955,-94.51819963450959,49.84891140991279,-25.637170515891412,-19.160238962541758,3.027941827766672,22.638477176798474,53.653469347467855,-81.39652353907893,-27.11715345695527,-23.358634915536644,53.048584330686424,55.15275530919255,42.8878335637402,11.44893642926228,33.6958164012726,-53.779809987129646,31.685609808110822,-33.47061837157334,-4.495223349678647,33.43172559089518,8.295557299489285,49.52546290711966,-17.572928393279557,-66.17473079662146,-48.94532471643678,-77.55243404685046,-13.87750498977234,-3.4192833754767746,-19.127032905642317,-35.02674072468113,34.387356273139154,-2.784921176496365,22.885339972011018,-19.380288133921518,-51.336061946905254,-44.254732543155185,33.81381047618906,19.3328223433359,49.8078623194649,38.628163580316674,14.480842091922753,18.29025859778501,-13.824894625950742,-29.986393045175564,67.00087454174584,65.89163729683463,-32.478574342600034,39.41814530244314,39.89597962816169,20.383289695302036,-8.844006977194317,71.44783307542124,-25.45085220140413,-30.414889336745166,16.955768383139077,-30.35425422938839,1.2165675606066741,71.7497651469963,23.793251658626094,-13.18919157010718,29.13091955541486,16.87990106310892,9.326057869654942,7,199,271
