nettrans anom Norway,stor level anom Norway,stor discharge anom Norway,nettrans anom Baltics_FI,stor level anom Baltics_FI,stor discharge anom Baltics_FI,nettrans anom Nordics_S,stor level anom Nordics_S,stor discharge anom Nordics_S,nettrans anom British_Isles,stor level anom British_Isles,stor discharge anom British_Isles,nettrans anom NW_Continent,stor level anom NW_Continent,stor discharge anom NW_Continent,nettrans anom Med_East_N,stor level anom Med_East_N,stor discharge anom Med_East_N,nettrans anom Med_East_S,stor level anom Med_East_S,stor discharge anom Med_East_S,nettrans anom Greece,stor level anom Greece,stor discharge anom Greece,nettrans anom Italy,stor level anom Italy,stor discharge anom Italy,nettrans anom Iberia,stor level anom Iberia,stor discharge anom Iberia,nettrans anom Central_W,stor level anom Central_W,stor discharge anom Central_W,nettrans anom East_N,stor level anom East_N,stor discharge anom East_N,nettrans anom Central_E,stor level anom Central_E,stor discharge anom Central_E,sc,t_start,t_end
0.269768405068471,-2374.090397180984,5.016263444063441,-0.8129874940163093,-715.4355840862031,1.0512691211341878,0.987342102281193,-3673.459490701379,7.810102694141186,3.6492347055056005,-2202.3603670417615,2.5250736550664876,9.332554782618617,-5237.510747273031,7.30034138298327,0.7623566088303158,-6966.567712496777,16.904080683022265,1.369110617385534,-855.4753310949197,1.925293768918618,-0.8250233423832857,-117.31977126763255,0.5008139169294477,-3.3384253285286336,-2183.7812872855693,7.255252914789651,-3.465712667732091,154.9145336160534,7.780568960641887,2.58187001014189,-8084.042960803642,19.94878786635533,0.7574745897712527,-3152.735321214244,4.881206425098323,-11.098488359276178,-1970.7744488652654,3.4566723278082288,53,341,626
-0.398347285828871,-5175.0625605361965,7.830820861790851,0.6868708669886945,-453.32368279040725,0.3741232156345071,0.6630285405823978,-2475.178774085188,3.3736921081650966,1.2687585235157126,-857.0148608301629,-0.8831701327134938,1.3086714107272623,-2068.414858660566,-2.1774970617024207,-0.2076238870047007,-4954.744518176444,8.09164228801642,-0.1815270605858973,-338.46616625313806,-0.018339620432386683,-0.15412229722775672,-373.32437293256737,0.5095265257900803,-1.7950642641295582,-3838.6245608437275,1.9240222058204584,-3.535688543534662,-5486.472164297031,4.632061083985418,7.34780009221469,-11285.294056553284,14.814837093576187,0.18141771612239221,-680.4610265349057,-1.555774582030981,-4.801218298950022,-2745.5851246484353,2.0144398843074383,14,1030,1468
1.3618790294093253,-2875.05543169436,6.592466258909223,-1.2915678737863503,-595.8057155333554,1.939081896451493,2.44665231794519,-1994.3509905783008,5.131533578915594,2.1303718581260904,-1133.6488966029497,3.5182049080778066,4.316482934161458,-3498.261898090391,3.9469015695946954,0.7407908128118994,-3521.3654873205146,14.070274540075589,0.17826437385049304,-360.913295388874,0.8255019361104652,-1.1291930048830232,225.63686651787535,-0.1682309266758546,-3.055440402735849,-806.158037866068,1.2015740723307538,-3.637377860706587,-3165.1474747762786,7.81205742733821,0.19457870506801878,-7140.424284251685,19.694811427665858,2.2070510297797656,-2300.4531724138556,4.61363544248022,-4.0920594752698545,-2143.6037398287153,3.5270003554205642,22,501,730
2.0492152208705425,-2605.578761350839,7.285583149499139,-0.7991652373222238,-1193.112020404325,2.588730811110162,-0.4090651428760901,-2596.822148866006,8.000283296654796,4.284850205252618,-3169.183938672035,6.501918183868552,-2.1238589884180077,-5327.346041993642,9.623998918529502,-0.48845784796875213,-485.3709840770123,8.980101589450797,-0.4414095507762067,-20.815861587364267,-0.394635597428303,-0.5426039680486359,410.26173938097554,-0.3650508602469916,-6.833007468830452,1193.6257876334548,-2.030486943169344,-3.7716186514240766,481.29907653743794,-0.11315243056526114,7.923000060860419,-4901.545869896489,11.216487844558564,0.04844632890902689,-683.9139380534716,0.5524644602234776,1.6460134390708068,-1572.175873383115,4.675155663399689,57,904,1129
-5.174057955648749,-2743.311071228575,5.781567079845381,0.8775333677126416,-743.0131118322422,0.9259331395522523,0.814874120444903,-1947.1766054695827,2.722284945476906,0.98114734094308,-779.4691798678105,1.5628470386907414,-2.3056364372764246,-3421.881227748819,2.2497947988931495,0.036655082744638745,-1893.9130754611256,2.791501012879544,0.7457699240169025,-275.2572768547757,0.22631127119457728,-0.042853927410633874,-79.91051538134738,-0.07315461154372338,-1.013289499720691,-2043.651264930225,0.3954751432582668,-1.8628484104441885,-2635.7369476129966,2.1668097760626814,2.8164502964475884,-8112.679729814245,12.802371124140347,1.6097399790452669,-1641.9921116859002,1.8680801166355576,2.818275713348343,-2813.077298346918,4.4778288389020116,21,139,440
-2.1371134178921123,-1967.1596067121927,6.4513302842257865,-2.466105170907013,-888.9619739416644,2.0601707558193203,3.3085447011933513,-2570.109572075383,6.579122082987043,-0.5086032549067578,-1419.0045953139543,1.614465533675443,10.679158557530071,-4722.378697152528,8.824030477142164,-0.5076527574449965,50.961402305637534,3.4615699892429825,-0.23127128210883374,-204.89910179464346,0.5412070632269734,-0.692716716684209,283.20334409754344,-0.34078761639969124,-5.69918092220971,-845.6460584037414,0.366642909750313,-4.344965330773305,-79.24828239416593,-1.3087505737951997,6.195075170543544,-5774.030780748444,13.941889086006526,0.5855348448005915,-2142.338493186164,4.668845131948869,-3.8880027737389886,-2766.970768497825,7.482387294233529,35,510,728
-5.650391021594558,-2489.601123384134,8.661092150491111,0.3955589894284544,-276.42053146011995,2.3750146572593964,3.6453833457682423,-1623.2646074355857,8.205865942176386,3.1598769241444455,-2155.852265536326,8.855362200719151,9.32713034880753,-2197.2966268820505,16.01284154055422,-0.25940416442277003,-1832.3369443163763,9.037550030503278,0.9440948321367486,-442.0101158656165,1.3602703959418778,-0.9540753841493456,2.2605981230558214,0.19121558469023503,-0.44155765973543676,-1206.9881093911636,3.4950999874977313,-0.9708303973942088,-2274.152287614815,5.006416226028849,-1.1939757208794255,-3985.940609401483,16.517592035623107,1.1699072075014856,-504.2036834918058,1.7323120465693225,-9.43433512317031,-880.0776455480377,7.724281200419812,25,1375,1537
-2.3915918987131026,-1588.0795460339764,3.916554391915227,-1.4202779952759361,7.2513359018049925,-0.24250601957755036,5.0040285055214415,-1077.3612096044462,3.856477076989094,-2.253973652730946,-1407.148205564728,3.634638157775942,-1.1230612339144175,-2423.984392343878,3.0706051709951145,0.20657563977571747,-1689.3621595556103,5.492871800826719,-0.6877490010728561,-166.23137931038062,0.4021217349537063,-0.3526452035545382,-62.34486210615846,-0.006991962758493786,-3.783578184120901,-1666.4297739823498,3.648363134588058,-3.563115399925147,-1384.3199324194989,2.1076912174155424,9.338303886172284,-5107.297206716151,16.280520560229114,3.862640777549953,-1750.9814736461512,3.965520433508638,-2.6667948284929865,-1843.6948827099623,4.848226767950245,15,895,1085
-0.03184816851338912,-1960.6252350959012,6.109011399946677,0.9049917707868895,38.74148760504714,1.0181018350760345,-5.862064087480471,-545.1766930749257,3.042403111235167,6.589019323111068,-1488.0205476539652,3.265349160848313,-0.6795408463192726,-910.2566930932405,-0.21112136949101856,-1.1938901433709839,1939.6746960037783,-3.639815959074106,0.4122703285242707,-95.86670691543479,0.013463345267857862,-0.4778705221774391,370.5520331371761,-0.8658859733281086,-5.269258730869993,-553.0084788215661,0.6885968859499645,-3.5788959556246063,-989.1131513772997,2.2321380496281336,12.515812249660133,-6291.810503425964,21.020708708916462,-1.4929475761540347,-347.79238585575405,1.6713323180281,-1.5684959126594364,-1027.300829522477,4.09484069898795,52,677,839
-7.399702394528762,-2448.3822535290633,6.274762811271863,-3.4586668570817927,644.4771359421298,-0.45453451087356156,3.1260090569295516,-1350.4953772506324,5.086162811841042,1.599078975513054,-1780.6626592133064,4.4694842329586075,10.178029387182335,-3149.453376099581,5.673538518659885,-0.16014183997106718,-1888.2368788339054,6.58220946349541,-0.15027003950747703,-267.5720408280701,0.7660011952742102,-1.293029949541666,172.06989966851015,-0.6587526417842983,-6.674375576727442,585.9453970551428,-1.3856794733261353,-5.8884272999514895,-1093.3515454573694,8.012822383811741,9.914105545645649,-4649.589968684367,17.524704139316547,4.238497962759986,-2849.6243636770264,7.367246908790053,-3.8871482573948026,-2000.315277688723,6.649713715707898,12,8502,8673
-4.019796479628527,-702.5433216234671,1.2444666238996334,-2.99597924867335,29.601108096058333,-0.03412476856824853,4.581064886887611,-608.7194649457851,3.1426645373474305,5.803122773152216,-1854.3494690456941,6.673716803934996,-2.417788113719684,-2982.1625201072047,10.876958401652557,0.13421217073521896,-2143.040568606298,11.645810830384326,-0.1788276910635829,-128.84142939913104,0.5518531485134339,0.20624527857820601,-245.95958272773908,1.244509747831337,-3.236659393985204,-568.5249307687845,0.5290448193191732,-1.2869753943895377,-464.19180053373157,4.531212082664894,-0.5702195996371328,-2152.9911789055777,12.775451207797818,3.2195163576422727,-1490.6088801469768,5.639303113344587,0.801493218118706,-929.6222710343116,5.526642947440541,16,799,920
-1.4606909053280326,-2394.304101775262,4.770320320449738,-1.0697981803055365,-284.83529441853733,0.330837850747703,1.5840817796704292,-1633.9503264494192,3.600025285122401,0.7592986843478551,-166.7555044426064,-1.3555202398485713,2.3933239248188216,-2946.6795474502624,2.522025079472944,-1.0089674680777438,-1051.8134413377738,1.8808006152833707,-0.903705319055007,-118.8111227580083,-0.2245472232190855,0.5220884198946562,-225.7093938008576,0.40609012938442723,-6.427095651020547,-618.1584354036122,2.145629579833191,-3.0717541204662115,-3713.0477693544044,11.226480287367812,7.168728419106299,-4875.890448891854,10.333751780344386,1.504578541984914,-2112.0296756383136,4.081392389014013,0.26551500043312126,-1793.8495215950743,2.7959394278199152,51,904,1134
-3.4616607523992995,-2074.0788415868174,4.505113937631521,-1.3630894940618594,-305.10224331960677,1.1330663009467281,9.185742661133062,-1966.58964515787,6.286827641590355,-5.42456769355183,-81.12796113133359,-0.2542065685007553,0.6843814744421555,-2328.9275024327067,5.512567823510903,-0.3346255209561676,-494.10464582495854,1.642901787391371,-0.871690734792907,-17.78093140676794,-0.14218351137416896,-0.9850060829090077,105.20482837409287,-0.23203115767812443,1.2377055352360187,-1552.497975814301,5.760409515547986,-1.743537644884789,-1626.830441272385,8.858862625511367,5.900502557787309,-5102.057481567273,20.461901771720708,2.1796879779937397,-1814.434644496199,4.482592815427454,-5.072112934908543,-1434.9301175282062,6.349418252278776,38,7903,8071
3.1371585529366377,-1855.2307129747765,6.776656147263708,-0.7779355729705395,-341.5496757435701,0.8560931232988991,3.3216838053439357,-1336.8742538976642,5.529053276819857,7.702334766622119,16.16216230779105,-0.41971156610106686,3.7313534953952026,-1225.1044810046092,3.08527482732838,-0.7954441350011712,-237.48519692398506,3.64041238635798,-0.4179131565868088,-69.14532262406631,0.3789416355929226,0.10951211561538432,61.1196868358642,-0.13283296603882255,-4.528470849398291,600.1183735575557,-3.5733726286613186,-3.1179541346852924,2447.281646501804,-10.595449203825552,-6.95031750548178,396.53299359749326,-1.003803142086884,0.6202442729398003,-2681.5419234137175,10.607169643822882,-1.9462685260115546,-1092.4703993802332,5.233199591483815,54,80,223
-3.206300246652088,-699.1020469311286,6.004149822493808,0.8384045519504945,-835.487274077337,6.527905439479124,6.835766074177218,-647.31392665829,4.493449746887528,0.38587907274105504,-1074.8697120341037,7.113616516911611,-2.6332534586376477,-2006.5213937200042,12.996439185720684,-0.12032558439952895,-1567.6685955581577,14.129124866200932,-1.9251548462924708,-111.4991306007739,0.5699033629572254,0.031846157386385465,-168.1436472011081,1.2354256389883775,-5.379888338923682,-1078.5567017771612,7.003692204110857,-3.324145363037032,-1156.7818953785072,13.419704617997649,9.439294101928759,-3071.1127971108363,26.82169117556856,2.1234236548048724,-1320.3701441722615,9.36473396440577,-2.89575139644449,-949.6062587297154,7.590529330096829,4,656,728
-2.2723685865371714,-583.4470541980954,1.3548144932024542,0.6241340294637079,-234.4246817198261,1.6535668740380358,0.2769155911345804,-600.2792570008471,4.385008622525204,-1.0277130122740852,-119.40744346345706,2.101290349403913,-0.34364130750429367,-2085.263786932247,7.411120572759742,-0.4985332478403216,-923.5185663025973,4.76738784461293,-0.6500408662705112,-306.3664760666039,0.8758293518884017,-0.9757505264578404,-139.30131059030697,0.7634524979401798,-7.069166567443627,-1777.9352053471055,10.296247324895429,-3.2362147773352934,-757.5306165776345,3.6891846289514945,8.540042383897209,-2962.1487567822323,13.529727010591944,0.2741595476155996,-886.3197292353641,3.2195399531316964,6.291376204856798,-2617.0932038504843,12.834303560669976,59,896,1015
-6.264308541744979,-2242.453450282554,6.273353708255758,-2.250512197276919,98.59591062628672,-0.9849401869894115,5.181127645910105,-1485.7799515275792,3.590677589488797,7.831083228624879,-1003.5776170886004,1.0739956276543077,3.526472894431616,-3245.5142285150537,8.102588902616613,0.006936732021428249,-1785.5767756504647,4.43503974544021,-0.05172034233120584,-240.15195719019778,0.4795277947857848,-0.1395449111226299,-173.98858927229617,0.3033275714890378,-1.2948310589663616,-1963.1411690908642,3.0867486379363616,-2.7980145288691998,-773.0374743230088,2.744956598595646,-4.705690295398225,-3795.837160858289,12.17651404336101,0.6839186731887419,-1408.2381223458901,3.265899828300637,0.2659051456572028,-2321.822205159238,8.145322845094377,17,510,703
-3.20992283055573,-1251.0446227823902,4.861756470320298,1.7551705297965376,-755.1155361063593,2.748647676216738,1.632460130305913,-662.6292862584246,4.88355926326979,-1.0890019616914453,-61.467428704057276,2.859758742039761,3.1573934978108813,-1271.7545384329187,3.293062903675665,-0.5515633155510542,-2358.7681369368856,13.00878794019873,-1.279497267701666,-104.23718660260948,0.4396346675638666,0.257093145661748,-31.545526754717926,0.1701533609062449,-5.052713021600274,33.03125769689882,-2.0280641207771284,-2.8517924627287,-479.55376011537237,0.903463839738226,10.292821981091251,-2210.8854346953,8.062126167642997,1.2617747145760785,-2352.085378515664,9.029624156876686,-4.049985908300542,-994.2913387689742,4.32688612439662,58,259,391
-3.354813504122615,-1895.139463363238,7.343733232966535,-1.7684608377960966,-291.5038433815788,0.6252238856103298,4.640536218056029,-1035.9030885929676,3.5693364150178137,2.3895984624576263,-316.5745809331133,-0.274298388488726,4.58894819962395,-1541.1071002494182,3.668985593380641,-0.12893330186451335,-2752.033638316902,9.540370788889664,0.15239005157185054,-63.76735638225147,0.2657083992740671,0.1847536039821237,-222.82261325692923,0.7186573371306542,1.4087270139123436,-2474.485725489018,11.554549624561073,-3.9281348741601767,-1224.592832369004,5.334772967796425,-0.6656633697199865,-3735.05914089593,13.260739426946333,3.6139352941115757,-1600.3765382730862,4.671374374013304,-6.94375376356826,-1215.1182762943156,5.431033696609239,34,8273,8432
0.962151003572569,-1089.661548437806,6.262676512326834,0.8899115308441454,-544.2670195911847,3.0822698322158115,4.284874843360584,-1601.2019337698546,10.251898003914555,-1.5472783614917098,-1436.3108796387787,8.269863937795591,3.840639518123155,-4996.024668983169,29.550841433423145,0.04211848743262364,-2202.965008569895,14.921045177635243,-1.2817306781749949,-166.7827217657863,0.8659150946620539,-1.0961160689864884,171.8030103722474,-0.3639948585185031,-5.360631941796928,-267.61280374006077,2.2401965970794713,-3.2411463519991206,-319.1380465859369,3.0771537778246145,-2.171245207074248,-2655.5775340225828,18.70775643612494,-0.10059019945903303,-1232.6235220718058,6.3267663675225965,5.095167277778737,-1286.5712753449773,8.920100404730903,48,127,224
-6.779088605809153,-183.6988075792275,1.9357287661392384,-2.3229365820385808,7.933833607279887,-0.14689683044807467,0.09497483412412566,-428.1701426509538,2.882425253494903,-2.387462735320768,-542.9300295342096,3.990439308456361,2.733756341688658,-2249.7108566375614,15.166478996013344,-0.5337896010977989,-798.4321211777476,10.386326564508131,-0.4064314703796663,-49.94473987705933,0.5662078460028397,-0.3675108219532932,-104.68988681200749,0.6220810031739494,-0.08671286274721762,-1357.9405350716336,12.618580619346199,-5.442085639265611,-739.3719217364819,6.528368218603735,13.237370302886871,-3340.6278773764657,29.793906441241997,3.333123458820641,-1019.7522794972998,6.243949517781985,-1.1869168615407757,-1062.77767567008,9.682311078238964,23,8691,8759
-0.2231752625077541,-2370.5823968495347,5.551938807263717,1.850901853455706,-389.6076951467376,0.5957408062256755,0.7764594080496898,-1447.6148581693592,2.5437917036022935,0.38342391833791645,276.37935298730594,-1.018582034326995,0.271148065674262,-1003.1818775915572,-1.874787595170912,-0.13680550783044187,-1397.7817700169426,4.7872206491716405,-0.16808058086226227,-127.1915568686581,0.08780377123560545,0.20142548817404876,-180.79271652186327,0.4834844231981461,-2.8434078684893853,-941.8081391193292,3.0466945834589936,-1.37314978603235,677.4378079776511,-4.333749943323079,-2.6818057353111735,-2447.3837932792176,4.781929953869451,2.690579218854774,-2111.027396691301,4.065854434373707,1.323058000996531,-1559.0611376013917,2.6303781716887347,31,870,1088
-4.941964117160973,-1025.9547265618287,7.655424587430446,-0.24027018981634787,-345.86660794197394,1.4318630793082503,1.7351598905541745,-1049.2621836424241,6.44673274411625,2.7333085048227406,-1230.4425000962046,4.951720915261452,-6.699892481814208,-789.7545375456988,0.17795918718616122,-1.5189363030153018,-524.9835819678472,8.417807811057521,0.524669037530568,-156.34796613562932,0.09882453459420937,-0.08321360721367388,-63.221122639693874,0.018904251866750155,1.6189776645052543,-1587.601108200661,5.967819214495172,-3.368177070386402,-1181.6794240336305,7.177549744654437,12.470858327105073,-2031.093262656321,7.091652187178788,1.0099400903435312,-1895.3946681478387,8.319652846806525,-2.7824672110049122,-876.3020461888635,0.7736013256427965,44,1228,1343
0.15796573829838456,-1858.2687773872503,6.706439581822792,1.895574905810426,-1252.3281019311578,3.5762625911819192,0.18152676605118284,-1250.0301894360955,3.4414511407805204,-4.511227227271103,-1930.1217047506461,4.86605457467007,-7.493391843468366,-485.8011738496483,-3.5152714385948776,0.7043006593265645,-2187.4640552421333,7.696446194631193,0.9527856434224795,-87.46001484192801,0.4391782488191718,-0.2534782212647666,-166.40629681311106,0.32365443682113204,1.9004240429864403,-1263.7909254769834,0.507069980580189,-3.2124957220661,-1862.3764489364696,4.642569050153806,3.6932465670218835,-5071.890824296908,15.070124714502686,3.5018779586816886,-2098.9934218895687,5.256387893383286,2.6815490433112186,-1311.8693091372495,2.864123707249135,46,953,1135
-0.6014368373103287,-1713.5409251304588,7.228969586716616,0.4081087270972093,-553.6707925349004,2.2808311785486355,5.311049877529331,-1426.2525464192631,5.820932060033561,3.1332427605383324,-435.57631320980676,0.855661236490548,-6.924439864515587,-2002.1204819650284,5.384789259122286,0.2469252979240775,-885.1230637803221,3.9305344876360833,-0.9699748449561932,-69.07313294467468,0.09725045742043337,-0.9535574354063774,-41.47624518508787,0.6000014575615624,-4.184654662808731,-438.5256779265459,0.1953118497418025,-3.373988044073191,212.5374014553595,-3.273358071029646,3.688782823700972,-1871.708948272535,6.187381666101455,3.0441599165978586,-793.5279508001672,2.1196901982156673,1.420536791999055,-707.7079057768075,1.5871443785627086,30,8214,8335
-2.005169800337682,-692.5474290076579,8.364536988785801,-3.1946889633313487,-350.96300353563265,3.7820566991740514,3.7646256377152163,-565.473807854752,7.23279773864218,-1.1545627352371692,-518.7415976070268,5.629292579283405,1.8543279211215875,-1012.1471005554555,10.113432402579415,-0.0868213889374263,-388.152554018863,4.7505466229483355,0.17984873060783826,-7.141841250067024,0.3256835991285285,-0.8842766670629029,24.16510587479327,-0.46563323467592865,-3.9084544446891263,-786.2676438311732,11.715196993577235,-3.105388023607237,-865.2963616518945,13.553810137136033,12.385150848647145,-2075.297756382419,26.161296297546492,3.059592172216051,-642.9960115235239,6.329156863227709,-6.993234745479942,-424.3437999648936,5.385976156497693,32,1350,1400
-5.268365806663761,-923.6723559210836,4.372020418426846,-0.8963151367140537,-485.5525936608704,1.487517601662236,8.048428536610505,-906.2724831586904,2.8800645052302247,3.2302753146892567,-1477.9228760697874,3.7255771122991113,-0.7511860250657515,-1337.9134790998855,0.6957244729737786,0.6544588002376843,-888.3802572600725,3.1749437246796104,-0.5694394791091867,-17.264192962875125,0.6446009613565996,-0.6217090718572487,-177.23884169431355,0.5642653227121948,2.132402628380543,-2050.586173980153,6.9505754187782856,-4.083134929144681,-1581.2373133081128,5.0430908259427145,-1.9466560041828744,-3297.8843568230955,12.072443988205723,3.790683297943545,-1174.3367599042867,3.5721277257354624,-3.6388911377182853,-911.127027092041,4.847664622346042,8,534,682
-0.8725625349937212,-2707.624019047214,5.685268153540186,-0.5296576596386553,-236.7127032932471,0.5637045481936802,0.8337795243820674,-855.676416143694,1.4911182757849915,-1.7751059202276531,805.0370683831813,-3.387298156119124,4.596733365692112,-54.87897078856179,-2.3623524527462907,1.3986507125656442,-2859.006789583296,5.674827086078197,-1.1208464973938,-82.15562319893331,0.021394799232697603,-0.9306318182626465,-150.87180263130674,0.06357268134620364,2.2580559778469462,-1935.6581390429214,3.3940188459530365,3.949933140164151,1253.861686337962,-6.376198379496401,-12.569087812039397,1139.393877328172,-2.214575832234697,3.413148591680574,-1879.368720419197,2.859985184819158,1.407827201602248,-962.4313899309693,3.2601763437255693,52,30,270
1.3496897777181756,-892.1676947543874,7.479085070567589,-1.9904491846653296,-340.8240565596238,1.9867265678234454,6.235931513741209,-994.2933919754374,7.987595335966599,7.661143480852504,-1000.3696126204923,6.598880707666519,-4.0076894832823715,-2794.000378165538,20.511883986393876,-1.4026998537424964,517.6044196967179,-1.9782287216752272,-0.7941762651278093,-38.54274349467867,-0.29896416184976715,0.20956447628101693,180.77671327415646,-0.901956589896461,-7.236073103276903,358.7230975845986,-2.4699528971510984,-3.3540908374918135,584.9933313840538,-6.143296763179732,-0.16344049822296858,-1862.7309634255037,20.154926039831288,1.7809167385755476,-1837.348678814739,13.167729322269583,1.601723409721758,-994.1873103575972,7.3986508830477264,11,1197,1274
3.3139795166625605,-1771.4346905625735,6.783824119420402,-1.9941553925409288,-172.40687081352385,0.33068965036946163,4.078203556642538,-988.2434945168666,4.125486636123874,5.587429532479139,-888.4645671430209,1.920331644649707,-1.0510412972505963,-1279.7433636379028,1.6336194528632975,-0.6751014401582487,221.08728438258566,-1.9948967975791585,-0.9128923589357503,-110.92371860379963,0.00795807129070536,-0.7168093931938865,82.14276431251392,-0.2825385743370732,-7.0904144391371045,-26.845172021947633,0.35644963933597573,-4.401746376943262,541.2678749082108,-4.87849082928118,4.541998920412569,-3638.727146481813,12.952356418978418,0.5836298344280273,-973.9023787850564,2.677349674172232,-0.8805592743205795,-1000.3261420321289,2.5774419003490223,56,67,210
-5.268300088295666,225.32772112128282,-1.7188486505822915,-0.5288751136970417,-276.27127499284876,0.9128301104858549,1.8570073054879084,-735.0608289743884,3.4736578193288494,-3.6624137911988743,-329.95331522585525,2.276259411303093,0.6266708351186131,-2417.7636458631673,10.600992001664178,-1.3587458098843705,-657.0282436801626,2.5236754676528195,0.7580426818941657,-26.416443875631806,-0.046718060860453825,0.4392496134344086,-150.0037127484161,0.5541901639103468,4.071837309929201,-1794.8003510030812,10.873574698882175,0.012735538703507965,-2015.3323868585117,14.452879465680523,3.404438939363742,-3134.3324354336796,13.32564912834152,0.5347455066935989,-2124.4819823753087,7.218551548328662,-0.8921024734897864,-1428.2959506160137,8.088821068503115,1,352,487
-4.443328561180247,-2136.207108896716,7.177862763660428,-0.3696180454904709,-565.0870712519564,1.4328939924952604,6.52681829097724,-1267.2174855647686,4.873854793713692,-4.90444178131542,-24.071440511483317,1.6109244291421807,7.360453908687788,-2813.083631805654,8.56339639574971,-1.4174908138615891,-3023.8108977658485,12.528620260917803,-0.0163347409154962,-307.2637684830638,0.7032964214627908,0.06851831297084099,-112.71596314210521,0.4285562751595655,-0.7408064746713676,-898.5384490096069,2.3792981597493768,-3.6706831692930546,-1390.6655119949157,4.592327405366737,0.7627510413881435,-1188.4230241846703,2.763772785784937,1.4908768147288503,-2433.7129596048035,7.561037814077981,-0.9193962656058323,-2524.4687930438445,10.547039644888144,58,1014,1183
-0.8005323890567655,-702.7424453549181,6.2896360374959706,-0.11931455896968368,-134.74370263112337,0.25490994405063905,2.2894056681152097,-382.39932220516516,3.3443934858965,2.611768404412725,-1003.6052118261262,5.009300602299838,-3.3639273111238834,-1474.5923734997787,6.68074775963286,-0.7265178266236082,-89.61059289281891,-0.5043285397758943,-0.9009357404722891,-27.655714632474798,0.22988236104374793,-0.01116290736876735,-33.117157386035224,0.13638548406306672,-0.40960073399591745,-1110.5809467317736,10.357929336433171,-3.19553181046818,-1376.3108981625628,12.121279321760564,6.0391383273903765,-2071.265061243468,11.813461313668757,0.058324697260513814,-233.34362036763406,-0.008757761256298124,-1.2061716193571326,-596.3168884583939,2.599433696520488,26,919,1015
-2.7540248899886155,-959.3743516287312,7.2705235085345485,-0.6784779683074657,-94.82682856075415,0.32526162016116245,8.009694865476572,-846.5852150066709,7.640973239096274,-0.6341227573327153,-930.1490381697768,7.124547205877466,4.129342615963782,-3047.561831042891,27.664238368850206,0.2883307740302382,-1372.3278228491208,11.571830013854498,1.4555227148892147,-173.04949644225053,1.8385049827019095,-1.1275076271202105,90.89889761021567,-0.7078826778898941,-0.7217586903528532,-520.7950752151892,9.245207713179957,-4.2168323137299115,228.08571114397017,2.002406995237049,6.381511142936916,-1807.3291491390569,19.322902799943826,-0.9047258131735374,-1512.235459887566,12.165981418140476,-8.79432344478337,-836.3221299200854,9.812722179826507,13,63,127
-5.3869986146575535,-174.06715780668287,6.542803888141261,-3.662122719955828,-64.49648232532523,-0.2047262718496149,6.07127105048759,-1056.8463469485255,4.185493438138176,-3.158379119847937,-1076.53624786479,3.881101578057126,6.189043813062089,-2814.8959240334902,11.06840516271518,-0.7154352399445327,-263.0419468908905,0.12597934102500563,0.52869045890088,-135.1688531084095,1.02790222985687,-0.779917339692366,-53.26153924387451,-0.034213698628168254,-0.8216010272560116,-1398.2117051615976,9.62768126245614,-3.6413829701781535,-1475.0576701469379,8.04329865541587,7.815463132730937,-3109.201342445006,18.69885749063633,2.726699410238989,-1260.3686243207135,4.652470221653521,-4.998124574930513,-904.4179061762206,8.00084841008384,37,246,367
1.9261550834140282,-2221.0809177500705,6.151956252206666,-0.5649803136180404,-9.102862437028705,-0.5848261410821664,-2.383434722389815,-991.1023140287448,1.964262773944009,0.6447935126364621,-328.2686680555391,-1.3332711132540036,1.505219039317521,-844.4670271618052,-4.003179668490439,-0.38044194376662815,339.6678475598602,0.10082011141434499,0.10239353811018068,-105.55553877691345,-0.3182395728842682,-0.7495077862803377,293.9626125861749,-0.38233954219138333,-4.127651032364773,-1265.782817202101,4.87703585008213,-2.445481172968778,-2401.3984121028666,7.249128592759506,10.176898717224603,-4322.265670024588,11.421032801572352,-3.055483270804064,105.98895975724017,-1.4504651100404893,-0.11230284957171843,-1131.1061515877516,1.0903463824858823,51,654,848
-1.8497169561066436,-69.39606579070494,7.416243642398086,-1.1430270959498867,-64.24189119401339,-0.11658892075486871,-2.904941711510038,-147.06205681496294,2.4774644999008952,-0.8413284971372397,-813.1499500788949,6.332105415788638,8.02367493469232,-1771.7291361942705,14.548746894467262,-0.6592311331036329,691.0490351828173,-3.7374802030247682,-0.5400333672871114,-12.352281528438699,-0.21783323939345567,-0.7841530550021857,127.07860064487085,-0.8972603994716509,-6.07756355883374,-12.847744371815406,-1.5937322904976359,-3.1656184571985944,-671.8322326203646,6.420888885858538,13.965748520105896,-3063.2373639367574,32.152301166246744,-0.20575408544265228,-378.01627079087945,1.446828093971655,-3.5654006107309804,-456.56452907379554,3.671715850470827,46,89,153
-1.660360418450365,-1034.6455221330662,6.880471626863816,-0.06575549014905493,-76.53787584556011,-0.18637028178464665,6.821246067996835,-733.5123885884509,4.823872366255456,-4.8225669437956356,41.39804980428286,-1.9027047592015212,1.4635786664010575,-810.8945678634133,2.9090647216320527,-0.3815491648513928,-211.42503650091788,0.6607650604657787,-0.9030579371254143,-36.82903414012583,0.025534878299538044,-0.9699221337253525,68.7138852491602,-0.5322792772187646,-2.8869876802127106,-773.7128869941795,3.973637129145242,-3.2123857227006853,-619.7726113630478,2.7617577636489585,4.431775843004134,-1590.5658965252458,10.742482909086878,4.472006246765332,-1059.6678676861782,5.718973020003778,-2.208584671519441,-745.1271123258135,5.785817851259552,43,237,320
-6.020740578299918,-581.1501837532603,4.048009680347931,1.0604872254587767,-120.42709489293362,0.3860083632491438,3.2417105358032066,-583.5656416910012,4.780108182165554,-3.1143830520027693,-452.0438785729414,3.118745921418453,6.6084108084832325,-2187.023143552113,19.042879313521084,1.4195039982009958,-467.96473051802195,3.1206291057190345,-0.5492184339258712,-28.67956673431706,0.028870698780717352,0.047063261478219154,-95.57720239231388,0.9642266870972778,-3.011689742623367,-253.86459360696765,1.8205421358393714,-4.073916213583024,-226.07193180869007,2.5567213854164414,12.820702185883826,-2190.4151378018587,23.29738825611865,0.5320669215649454,-900.2075575920936,6.426850287026398,-8.884672922790688,-519.29848754358,4.999903930606965,28,112,176
-1.729088658386285,-535.4205915291752,5.508234050979407,-1.4228692569516985,-12.172789955093926,-0.0111368787965197,-1.7647360283571625,-220.230707403893,0.8577970674774171,-1.7844877104639583,-109.44882877360305,-0.22299207265374354,6.289087820138351,-888.067266867171,1.7761347814160775,-0.4580735238300744,-604.484317905961,2.848406393789226,0.7940273565273626,-131.57624532892837,0.7008480258077591,-1.0798054912089465,-86.64214922397328,0.6518644086703707,-0.04642774080699952,-1330.1228376850743,11.9299850913028,-2.9010060736276673,-683.3030584443637,3.5120580055918804,6.899064171614118,-1873.0923229038174,14.110342262657626,0.6026190913394931,-605.041539829611,2.662469523379391,-3.080068715325578,-1077.990414940938,7.756762635086871,47,606,680
-2.9254986884181897,451.70030703618954,0.7041472192428593,-0.12063946835813205,-36.57643584603622,0.13069691393183613,1.0789752375137363,-344.8742368934652,0.77286454224366,-5.009242137531991,196.38032683028928,-0.2759311980250838,3.2714024779228503,-1482.3169187363628,4.182604022872269,0.730597803547218,-915.1861849408956,2.4207081189773696,-0.4181138584845451,-26.328092353734068,0.5614978001128914,-1.210999211435607,-13.497905954574506,0.008786963898208766,-1.1136962452134809,-1226.0998339935743,5.644201641485703,-2.099631634189177,-1077.1316648901234,2.591310658697381,8.578366568493323,-3664.554896574997,18.69860929559869,1.7657208024613718,-804.5977261221761,1.9050766200309952,-2.70381361800548,-1174.2920673865578,5.697977355170595,49,785,918
-5.038028753166707,477.1419609983659,-4.209880916905551,-3.7160349047892627,202.09932822936298,-0.715914109067618,-0.5687746582123099,217.19073697039482,-2.344749689317551,-0.7178982951406079,-804.9413768326771,5.136337987147761,17.415990932648654,-2448.446412662397,20.13116157237682,-0.02189804488260516,-27.34476185103398,-0.9480557108734349,-0.8513938414529856,-11.504310073641236,0.5701538397592345,-1.047115161835195,95.90447251822596,-1.0051381481361605,-6.778202599868395,-87.05347550072435,-2.1462231106549092,-4.484141839127944,-626.1784828126521,5.783534087022389,8.233925795284565,-2432.144702377631,19.645754861803297,1.6454119006212797,-67.11625746165875,-0.5382332611293461,-4.201436524361156,-475.4235855876711,4.5508963007581595,7,199,271
