wind anom Norway,pv anom Norway,heat anom Norway,wind anom Baltics_FI,pv anom Baltics_FI,heat anom Baltics_FI,wind anom Nordics_S,pv anom Nordics_S,heat anom Nordics_S,wind anom British_Isles,pv anom British_Isles,heat anom British_Isles,wind anom NW_Continent,pv anom NW_Continent,heat anom NW_Continent,wind anom Med_East_N,pv anom Med_East_N,heat anom Med_East_N,wind anom Med_East_S,pv anom Med_East_S,heat anom Med_East_S,wind anom Greece,pv anom Greece,heat anom Greece,wind anom Italy,pv anom Italy,heat anom Italy,wind anom Iberia,pv anom Iberia,heat anom Iberia,wind anom Central_W,pv anom Central_W,heat anom Central_W,wind anom East_N,pv anom East_N,heat anom East_N,wind anom Central_E,pv anom Central_E,heat anom Central_E,sc,t_start,t_end
-10.895037783781211,15.909181524500019,38.369585308318726,-16.70451994899961,31.230628868070998,117.22213132134323,-22.04719313631393,-23.8444645330779,59.704796327375874,-1.6653122275627101,10.970958658348327,75.86324300890622,-19.65926257216311,55.78587426433528,116.10617174225905,54.904710956998414,9.446093646768634,85.80024196786657,57.98617572577379,-6.242167775204653,114.16262517646484,67.33906912890913,-31.231993696315502,85.40045702661382,49.974474723734744,-24.747011818536144,118.12215249029944,12.843648757901269,-9.471813349596108,13.808941246959549,-4.530976140222639,18.409042618642992,85.63910789022998,-33.69294635654097,25.11766165883535,113.3416719837624,-2.174818680580116,16.00792011180886,101.57050660890641,53,341,626
-38.31692487696613,35.949288209199004,28.199477649198833,-12.931439569647619,37.235268661176775,44.947613589661046,-25.47233684966212,-12.534704013079887,46.89409596922795,-16.73247367319817,-7.920634459765956,53.922129893929224,-41.159531046985,12.664054758897821,86.14305196730791,6.884657875595974,3.589390828314712,47.63492146845781,31.54759346643511,-14.240508301384178,94.4294158751506,7.826793591340846,-16.678013835714324,34.40939851879208,28.863214268185803,-23.52671550298219,129.77258333952216,-11.844945615345907,2.078481238504072,78.29927723036971,-8.342106661101052,9.754300446516494,88.47766375223839,-40.40205012062363,-8.732195316407415,60.63726042186869,-35.05367134222851,3.380312470267847,72.67863645749246,14,1030,1468
-17.690767814512135,9.199183632136984,35.418487743497415,-2.7015510271393564,-16.03790863020151,62.18778490483402,-28.415868327743237,-6.98543902689905,65.79543744892307,-14.751034051003419,-1.6731805309424543,49.9304246940068,-34.532277436612695,40.83052853045356,102.4641810165339,11.206676248752398,-3.5750802028528192,52.25851192847371,-2.9389899769098897,-10.18927538908081,86.37688280243859,60.605731665757226,-15.910423139645765,8.548979896153309,45.61082868921468,-16.066814948710125,106.96176269906445,16.407872690174166,4.324436677200097,103.50155533435483,-12.455817914212302,16.908705383558466,96.90547566308501,-31.729275935216528,12.022249603225044,84.65088218588215,-50.366990873528174,-14.298134649631567,81.16718985538976,22,501,730
-35.35443297327481,26.34685009456838,63.725450373494105,-35.292548746700575,2.1374008945625365,95.16292580251789,-7.372443799026486,-24.64877259548616,82.61777044597089,-24.808810580954617,-1.4541781568676322,75.1454354853726,-17.791829035558678,3.309146260983034,100.49373096309576,79.32721931955838,-3.8738141189055044,45.48474569244824,26.784764729191117,-15.121461452978993,52.765335422940275,63.81038313965074,-13.36518584129427,24.741003324392516,70.04782826099112,-10.242671850891007,46.332777861498926,48.71169138753076,-22.658872054079346,8.017759353850513,-30.110756475379723,-10.826330309900099,41.04352314695246,-29.254233787559237,41.67687541581243,115.90670294334544,1.7096676310212733,18.877161895111378,79.67241327046844,57,904,1129
18.183934792996297,-19.85762870550441,-0.022992746215519794,-12.644659411694198,41.77750969213489,36.897306501795704,-4.746231719234493,11.686145856575447,18.703766615262392,-10.52501098623775,17.681177461886588,24.37162397234307,-28.1040222745136,18.21166848142928,42.42780333476309,-3.4130086396666126,3.30358363545072,56.312908002456574,-10.686784371685624,-14.356555237989005,55.563137597941,21.88227890358407,-23.790524227996872,90.67392018501114,-23.68148130511109,-32.950378146228125,75.9810591693286,5.1623577671784595,-24.539839598550724,34.52787468839754,-28.403960919776573,11.778061174051663,46.14406714118361,-17.661962254438407,56.437960082437364,47.16303213593439,1.8897234692990947,20.08140763968361,53.30727427271693,21,139,440
-28.87011979090407,62.08022473310986,58.0682764076687,-0.6688243649105459,31.850637710234786,43.36699662409226,-50.197995933835074,47.86823253159873,64.90028811804713,-35.513781450837186,53.664903468342274,61.23523728555587,-50.976400065076966,56.14799084266898,73.85385144595193,41.17753743573022,-1.9281831575024961,19.88387792585202,7.878381267670551,-0.45662368580940754,68.50105592263927,46.222406442999855,-14.031291009193463,-18.775260227053522,50.736307184107446,-19.738848256226966,83.46007796103233,60.33062144532849,-16.152532541447783,74.3375697421685,-26.52170011366179,20.44798135550418,75.47747691364516,-6.4795754497995075,58.74430230446113,72.03092334248706,-16.50277980564516,48.58464164024197,72.37427768231284,35,510,728
29.43407596268221,-27.913900195754998,37.58200522548969,-7.357931398429958,21.073616077968893,94.66092130477189,-4.762874342909111,-17.523750201681672,82.50319852441426,-11.546114149722172,9.086233766181659,95.91194188276535,23.042133227715485,78.56364980665647,177.0249680731473,173.46376127223982,6.2130904142344034,131.78921341439423,194.60096396745158,19.35195891243389,199.66553396952017,63.21397145440268,-31.685148503065676,143.6224626646153,71.10864373519397,-27.744550050792494,260.1325756553848,48.93678064564969,8.13686732191743,179.01738861099153,12.869091312024736,49.55107877818724,150.43925216209968,-25.84611231086731,77.39037111665829,161.4036097704049,25.740790384642153,69.76099756286449,163.9316351406086,25,1375,1537
-11.267219539632965,24.816495692778247,10.195957132204061,-29.940443571392066,-22.328113370324875,32.439714593646045,-44.58794108131233,8.071906567899525,23.935007716427794,-17.94942050487641,5.170068254733296,44.79002037104563,-41.76035662106744,88.50939614638533,61.017629099441564,45.97245916160394,-40.79379544561171,47.84876236261333,82.27765227200979,-3.5811327916157367,64.08859156664104,38.85017467927598,-22.091845236950423,31.986128935768487,25.655726050637735,-28.39789925643491,82.53428112539301,37.7464658031904,-12.31904737330783,53.23105761125924,-42.6305688592498,25.362902401727766,49.816264889154034,-65.476117355038,15.837350329337857,47.1469179412853,-58.391539198451056,25.42786084827021,52.76666067344149,15,895,1085
-10.533541018072606,21.280999481464107,46.8279710745434,-3.1696309138067926,-20.235835531174377,29.607019707662936,8.780033640110654,-13.989482668094427,48.287105936008636,-59.704884532545336,12.478710318414532,61.380411565655905,-16.31374325847744,6.118147996518757,81.22999521108338,76.24534591733256,-24.611220832531632,-18.852551529857838,-3.856577609354327,-15.789460057333901,51.13067044578732,65.48100164072243,7.208974213712202,-44.69699994067298,32.727702412556035,-25.909591670641053,73.3636643627191,59.89414777337132,-25.908050833344813,108.09528692027881,-30.174582266520467,14.65276372318273,88.43267665439039,-2.3349083296027886,13.067802803858033,48.398859623803894,-16.775713935200827,20.48983210425975,49.60739314551862,52,677,839
53.27384576333918,-29.32937918075944,-5.948810550938603,25.05310038484933,-3.1899249614277507,4.111619651123652,-6.004320871456661,79.65556787502935,57.315577550177444,-35.1291478022344,67.48762787903539,57.27797453566891,-63.96659813747818,172.2179724512339,137.57174416447577,62.83567526139836,-38.84444210531579,73.34092589424463,114.2995951337929,-11.66883648060244,110.73403133989652,83.55783396239951,-27.240294166847995,65.50703863518737,99.09964782878737,-59.55515655028856,123.41906729494694,-24.671006560856572,39.651274981575156,101.77504732407334,-36.684020837124,66.05913248252273,101.40486079168309,-47.459489758650875,54.24326132521611,93.45070206037707,-53.72864909962054,54.64783018253192,99.36137738894423,12,8502,8673
26.48113983854375,-15.27052617782593,2.4862031689535264,-11.272980598362723,45.384925327130645,23.10802617018934,-32.068862930966255,29.619496736444294,30.394172075122032,-41.74779230093167,-13.825237880162607,32.0210962951249,-30.7133881668606,68.95969716943085,71.71351132385674,25.506531790924182,39.53892704997416,67.17657809191955,71.4945736421112,20.43375126806982,70.58007863842393,-15.689146500175438,-17.67966865296774,50.31729478927126,60.13834683307076,-36.095470801003934,72.67184204224702,49.254816055346375,15.416367337559992,90.40252991558239,3.8133321143538845,33.82506443286204,62.8287415331243,-33.195782108427025,103.78501988590538,77.00795982565172,-38.003089522305714,60.66428295748537,72.07331376757729,16,799,920
13.73704187657193,4.237441069279982,25.39842572682674,-29.453523788728475,-5.980884525172803,39.930802718744786,-22.520999321202975,8.282336583018191,36.145049208427025,-37.71189995632323,22.028663139110304,40.17617655605078,-64.04592017434787,55.93912501668653,71.30749521163983,15.628622477872453,9.11424252321997,30.590592362172536,51.79274181178756,-10.76570642096382,34.4935316653394,-2.3684065415191378,0.8421693925337816,45.60696529434675,19.92099462458056,-31.269251802168952,49.82014837272407,-49.34349592938032,10.375907388785004,95.23316988618934,-55.14200596060937,5.676410014913859,63.398350010193205,-40.353224384358676,19.163024515368683,58.88564301867749,-20.108214933198802,11.274867336815888,44.12764632120916,51,904,1134
0.5262918335500348,70.23560989932835,39.60552882177979,-30.805888651136787,43.29586698510849,35.83505475455711,-52.69405794634845,95.96012321037189,79.38956945829435,6.531735758545559,33.93694752560157,69.4629209231535,-35.987118433367996,63.73050681928708,104.99613545138902,69.82211389123137,-15.02124764448376,65.33343908209072,80.14151731467294,13.45307971472773,129.5792600398501,64.4391224423237,-33.75576519172626,75.45425130608976,37.27967445051664,-42.52158767747553,194.59873243276476,-14.682890581477503,-9.11974788471926,84.39506968541637,-14.773326602585781,31.61207215774644,98.7902157351142,-72.18167815061906,53.87893035939143,74.96648321842522,-16.843261157168453,36.135995907009644,100.09281864201189,38,7903,8071
-31.805025674042447,54.36609301140013,83.01118982179699,-3.106754869860793,-9.606709141903345,111.12693992573541,8.896563563499916,-42.65542588897949,99.09614707227388,0.9123362989769743,-7.986612218294136,64.06080487576114,4.764480313842005,4.530759771108252,88.52190990015882,41.57322766997559,15.73783332119417,-2.611847802146494,46.98854450947466,-9.417783985637106,-3.1343958546875355,4.127709495915501,5.4809252344630774,-47.70155908977403,47.49823427481466,-2.9509830917619526,-20.36516394573331,91.49161751755297,-34.56374825814409,-22.15750290266812,46.8149717472889,-11.523888331883104,16.930405440983005,-26.853664845605447,25.903345426831486,81.77034520475009,20.15240948399846,-11.0207672976226,23.963675048379628,54,80,223
-11.070983271962444,51.1003924718755,13.52702123466732,-25.00914018447841,-13.497473023837724,48.79216578741618,-66.56635691369797,-16.07071438360074,43.524229243565884,-10.470103546500647,-5.102933277697697,39.83974195623497,-78.15690810154128,-14.217520385942178,66.64218277154028,-23.69822326838938,57.64236423089679,39.539416827736254,-62.443497893970665,28.42553547908564,44.699937722323895,-24.956149096397954,-12.52582634308136,29.805577590682734,-9.25428083999129,-8.708293007868926,78.20396755113359,-59.18582212125565,13.216285931057634,106.95111041196186,-69.40294512453227,58.99897173623502,76.7466764577243,-41.47488464371087,-53.06641686431449,44.352268394260605,-36.807301924704376,-20.81620717431522,43.2222718607584,4,656,728
20.583998502710813,-21.108135192726387,14.680247309919805,-16.571085086563254,-17.99484188177012,53.768904348621746,-15.663994882204754,-37.49570623933795,38.00717023605537,-13.711586063618789,10.49793479069593,11.411583306738994,-55.15838700089945,-23.570194361119245,63.424207308675584,19.69297565979444,-35.9118137541827,31.84270293454759,79.82739730609546,-55.25325386832196,76.80592387882825,16.716520281101392,-11.38993293391868,-8.267265058867821,33.36721561928069,-39.44215763131053,99.60823324794626,29.524161155691825,-2.603311423098335,93.71997211668408,-43.929470221820296,-28.90842003308216,64.94787406466179,-26.493845051178504,65.87190475461246,84.13106813363743,-58.627027804488776,-42.266860401436446,71.59478758591881,59,896,1015
4.173078355638061,16.65873269223458,-6.8792880957375235,-26.552589518496887,23.27785003656084,3.3878658002390774,-55.91861465579434,44.01770253696455,26.654494821501633,-38.81785973459982,1.3730928701946419,55.82561864890886,-26.228522095044642,86.59631558590765,75.07428680754278,-1.9756503685477675,28.7688779089961,59.99069925276385,33.514905351127645,20.031416131682395,82.03597734351688,19.911210164403222,-34.17701309266688,77.74326487850864,23.96395400628875,-43.770992895943586,102.09475763241099,12.356642663759336,-24.09277497771287,80.73498237062903,-7.798921095266841,43.95196756367271,79.69783413331395,-55.89942781948618,32.38546888505409,43.310238943421616,-60.05071571262071,30.832154283526524,64.19566621769583,17,510,703
8.498770736057452,-22.93899106217254,8.58276226788476,-39.818712921539024,63.75368275231804,60.265487851956465,-29.251805794813183,-31.486821873535575,14.529565143070036,-9.141143982252508,-4.655003998107046,18.66642784302194,-21.563915985640577,80.84273816046874,55.43545389082056,59.29832900124994,6.603110785004726,44.99532206950436,86.72663787175655,33.411434055436224,56.777595202181764,35.18320681015993,-17.72600420061325,49.36500333907527,63.701255174127866,-3.1656445605245116,82.55675123092963,29.83039520070447,18.932572782870462,54.38019447312531,-21.735941893364465,60.96000502353267,61.639600938891824,-44.48754052429656,77.81815932256005,64.75169228793047,-8.054503635892091,32.861775676098375,50.17470817989549,58,259,391
-6.596167201269387,28.392547246011958,18.899025351034872,-36.80041055092998,35.12352698927743,27.71584459234251,-50.38266168787353,-17.192882066729677,34.625955354961846,-7.135576129626569,-21.739073137595376,49.50208779466677,-19.379325443019397,97.74052535335485,86.78202096691761,-22.163528727286668,-2.414342137893121,52.0849389941249,-23.510129551603878,25.24123003849666,76.23165190533385,-25.95100778222293,-17.843479245801795,53.97747509953731,-27.498323608141906,-30.90331457461299,75.70012288339922,0.5886338308910054,-7.850456209184998,-1.138356214130654,-18.367705196712784,-5.249931240504686,53.843793892062706,-69.47977543053962,105.06756559216181,59.55502904083042,-64.83572451991328,65.32156034958516,65.00361698658435,34,8273,8432
-37.41168838544407,18.1423999977242,79.00729919737826,-29.355565054549242,23.630379982930616,87.59755033470425,-33.35708348981174,-36.9267256966359,88.15551862622668,-9.082491442757243,-53.07438148053145,45.25377609350274,-26.949360216511582,-28.429373391005214,79.55758219298285,-48.232278990791634,0.7342318119619,5.683610304661024,-72.51563571249785,-18.81561135365347,5.988611428179986,42.089903247194,19.665776654634165,-59.64958773689221,16.807725535341785,16.157973743615845,-25.433128876781332,-0.8250965392987111,-7.482925671000795,-5.2443656031684185,-28.599655068290357,-1.373639897204053,0.9111941855905369,-31.83254436195901,48.66474213820696,112.10187974966334,-75.10748305586506,-25.157959234779042,48.866622237076875,48,127,224
30.824880855628024,-13.866998810939455,11.93543273259583,27.02214614129558,-39.962445964064905,17.562178236845934,16.62914877405334,1.3180204585336757,43.07834211359669,-20.940370272054917,-42.16096140848824,21.051580245229353,-42.22859126361616,51.774488283018684,83.09975559710409,64.7151623430132,-0.2074864669688208,57.20483106429482,111.39057621275148,22.37213201888027,87.34383445552967,5.359838301520669,-34.33076827730086,43.4131250579635,78.21546199127347,-52.940398023869605,134.93597088036563,8.705574001037133,39.09638017786924,139.72997741214286,-45.09670866940135,74.03610970335498,95.92680775459209,-0.8604800005607273,28.075298967322432,64.98581610820682,-47.18319608559321,47.65576690439353,72.44886571158908,23,8691,8759
-13.484493452032279,10.328378707944811,23.20651411240965,-50.76154025580988,89.61134708240712,59.37506737416138,-16.185616707190302,0.6797925876516626,35.28905085509061,-19.090147778244237,-14.87344828145567,10.271303281962883,-13.672792387708444,11.507074528688596,40.33925955998633,42.451424730659745,11.895041271558918,47.77765996446851,13.111951190629648,1.3841964145515906,50.401809296497504,21.6732729502727,-23.15681571738587,58.767834214712686,27.064815018978493,-8.833189207959478,51.3381688315962,18.06215093598478,5.664297318705696,35.83758553622399,-5.215888067552927,-8.753891868438203,28.209990995931534,-34.65061453688102,70.7599139347585,68.14931009283012,-42.20250067751664,0.7863754495155025,54.402574176223425,31,870,1088
0.0009468492368754953,5.370305639087979,2.207130835673162,-15.670423339915763,21.590999396210403,29.357505357644165,-26.180207688712088,-1.1642258491869715,19.674086859909536,-55.01853585774911,-10.598316951294231,25.029583698059778,-12.919041316177962,-32.33606668440179,64.97530176609153,46.02364598688361,28.795132041208426,47.25097718728399,51.746060964083505,-1.2894560309855345,97.64804364441247,10.684761334240795,-24.975446841415863,64.16492317905835,3.377168710958119,-17.228407320435256,168.1714274535421,-11.62338789649919,20.456008978220375,129.62767515207418,-27.303598187748552,-0.9156682496132252,82.42112157150044,-13.594299810248636,31.10653622049011,61.64842393204006,38.88581010125144,-0.13650760975245074,72.48951201703274,44,1228,1343
-9.305034189704617,23.037258094590012,33.697076937118126,-43.71095549810483,-26.73139909905836,36.077610179891074,-30.667359074549843,-28.471986514160406,44.327329172952375,-0.7635603714614856,14.163242761649308,8.596511104774288,-24.49518887443943,57.00162269101525,49.57772403791876,-12.584046316547212,26.102802747734046,58.2396390426533,-36.44682412699598,22.071576524241845,75.14149444562216,40.901030854856906,-33.754976271128065,121.59115187749407,-8.324285704483117,-42.3933028864058,70.81978087675978,-16.408611621379247,-5.13721531851859,-16.774109188890677,-56.239316634421,-6.906514723756136,2.8019419873800118,-75.29906651320253,15.370410051191442,65.96085583497869,-78.70819300340615,43.01017372019487,65.51034272915356,46,953,1135
-39.048764585806516,34.49228016819001,46.47691480460816,-60.38315677738175,47.362517539380924,59.205511444605584,-38.554421975577085,54.23625683210077,72.32155726886835,-34.68907320586187,19.50284557373377,51.14735514497074,-47.16257809478445,-10.092988378100696,67.90925934258976,-3.557799287556169,-5.945154755758016,38.63513411434691,-38.42872082310992,17.733891530950938,55.35532768099542,6.904134922690671,-10.258445477495098,-16.24850470767216,7.884868606400438,-18.249495194965593,71.32505352074197,14.616101062374412,-3.374176371087214,65.83379043888114,-23.22823719171647,29.13222999436329,53.21143607285409,-63.63496166148188,27.17551986810807,68.1862335370317,-35.087742503333295,29.330585315645635,61.42886381329983,30,8214,8335
9.992632764795992,113.55242951767354,59.17602501767091,-4.856140122753573,31.58621703150241,52.85508522822621,-8.466402069370139,12.735705360900285,63.302440507343974,-23.17995494048627,-29.93007246622397,62.341320447420834,-44.9338234251798,-21.341909326660822,94.19899933517797,-7.9737585616709445,-10.391012348860405,24.555472778412494,-29.683550225389432,-7.918519632971792,94.09977574379617,47.640728839644034,-8.327292241380864,22.080286662390268,54.80085305522788,-25.837611174994663,174.3306622090593,-58.514210766166954,4.154183698864367,150.1576302052342,-41.72686554248307,-12.359662969578011,107.95184751804395,-16.406754388829757,-5.746941929923848,69.25521655008679,19.338032059924753,-32.1474801296246,74.10226249355107,32,1350,1400
-15.880803881798574,2.594233925418248,5.382227314793894,-33.46197321375284,22.256748173194644,-3.70075483379076,-36.873386525193034,38.454922966751404,28.056894712763675,-27.74829691703586,21.582108756743178,47.40796754087756,-25.806343305590847,38.55272677361828,47.90366484331711,-5.8171272601682995,17.25565733842207,35.793253737913105,-13.130472816242433,33.682291131851294,64.0821792453871,34.11985445907481,-23.442179226068554,75.03686296013717,7.498538207787702,-52.71690573851801,98.70275992943563,-30.79100522814319,-10.172233231480234,-6.303066464677519,-15.195038702351587,24.69601002601841,36.427245038125164,-68.07231129704883,44.776997770168045,27.728279813511037,-58.0252339566929,61.6316871932508,42.96388092470862,8,534,682
-11.613275124629547,21.850891652445913,25.046161898905194,-41.978343263302456,-46.088385778812075,8.743975959653394,-36.59758898740281,-37.4046216034933,26.489829873448063,1.3737479627152518,-2.759289126008534,34.9729080326889,-5.328606367623616,75.03783963438877,66.1067226406094,-4.497709306240752,-35.665899329153646,39.118812717044015,16.939737063716116,-31.463119244089565,50.60339675829735,52.679988731566795,-30.7409676108721,81.15802372368518,-13.963112782736731,-41.20570796144104,72.0540657348673,32.78310778238679,-21.274240377532873,-9.435151797528366,2.0599820753690894,14.993447020136466,45.023971271951055,-68.26303715961451,-49.02106985274424,43.976905516523345,-57.86961168463718,-15.097860513554378,44.188298847382576,52,30,270
-0.5650524236443238,53.64268885854367,57.50336902637987,-14.370117616381089,-49.4882700865269,43.20720449870966,-12.489114728211632,32.9032680472055,70.59096664128965,-41.74653186698553,42.26484421750702,72.82605832189185,-26.845911422906234,20.98304891152641,93.7875136419333,58.43137671267563,-27.86492371121706,-14.628615011271886,71.61751667381827,-47.8144156642926,23.56579284355629,23.785131809277445,17.341732029521843,-78.68042156351626,62.743956858535476,6.134317445143042,-12.357909927972191,70.29009615878563,-33.971162596109004,-11.469820509778062,29.73846156791954,-4.9123718256643185,65.9462240141382,-65.4544450734656,43.87708829523388,55.1426737775892,15.741293382502338,-30.45193478148489,40.554444261737856,11,1197,1274
-20.92024085334668,41.910768428521735,50.17643358516326,-28.783273734497456,5.235251666167481,29.92276285512388,-27.432120839382453,45.056373526779616,64.31723773112192,-19.390690741084008,12.60595323030084,54.93724802509081,-25.746520726657852,-34.08956849467598,52.5874025529273,12.331666069281837,-8.537875667690697,-28.526846966477464,-10.09334940293728,-63.00553492389053,-27.34625062611295,15.698194417825517,9.125712491812545,-60.56251720408616,44.49976002446766,-4.206669990237866,-36.47738193813333,57.606590390253956,-37.845179395701145,-22.901558524532547,-32.93945437560087,-12.884133645360338,11.399496400916144,-29.968088736634503,-20.549470987606412,47.79227689352362,-45.11242800487765,-26.885589661422255,8.910763539726736,56,67,210
20.694226185789972,-64.78623402547751,-23.023193224524647,-19.722431500210057,29.18357780490519,19.531865949780688,-27.75007022146403,-51.12706391222868,3.3178089438026492,10.27233813757353,-35.46436844076485,6.199321676378878,-48.20513823768336,6.090109334100986,5.50844987113018,10.667573639581796,-15.188420016167514,18.035415481028437,-56.060225956178876,-7.6158794726943455,21.817547596972815,-0.0009540137523656405,-32.4166153451735,69.19141429068723,-55.89897918767828,-20.32687246258114,40.702810059505246,-56.0271149116007,-28.775447836048883,16.15200113451995,-59.76781746138313,37.60355084046582,19.087772904236367,-51.25871325775398,82.62277863220106,21.234258680025764,-61.14508744406124,19.58601531124977,11.646455291470769,1,352,487
-34.28860535779678,-26.364532542573333,2.7469177326659544,-72.02462653004204,-23.05978037100554,18.158668114581996,-66.75019226412353,-52.28464331547315,30.91436104074587,13.377557369384599,31.476056158887154,57.92816863816898,-42.969433940843125,81.18729421527988,78.68525289455363,44.14416714564508,13.658097839872706,55.86970648102216,14.949702963507452,-15.571777226806052,95.6285073369832,39.019429056017,-11.496639402989294,62.245054322017765,35.92526643688701,-21.31947297079426,118.16946981935004,-23.77295100002917,-11.065736430018632,-19.594353026279375,-5.175899213896718,8.46627352042265,54.63114167919444,-74.06119761381423,39.0333423558441,69.8796759402788,-47.96494119972133,13.915440475151005,84.3643286418847,58,1014,1183
-8.26315081133143,19.579409682901787,10.442094449547223,5.40756069468774,2.2271471240010463,24.353142705662087,-8.418820921010887,42.2590391410413,27.422978498332355,-32.34088073310308,-1.9545545125522763,-2.74378430407095,-36.53117425861456,24.367471147367734,27.182027580732576,31.12716768230509,26.49248879982174,21.870211023076315,-7.11832819839517,45.9606216682824,21.315573229248145,-9.18639739332797,-7.654477104795589,32.97140060615938,-48.21364718034237,-10.995450550981154,29.923342066637492,-44.40814113110571,-26.059310029135236,12.821707158370032,-52.82399009332751,4.232988252421742,16.034388694409966,-4.361947245705953,12.481991854954245,28.503673295731364,-5.741979024381274,39.57971887040823,25.65936698751015,26,919,1015
-38.35780354632872,44.725969164003004,51.867977035957416,-30.586223734958267,118.07602781569292,22.89549593576659,-59.415727849922206,27.956838413351665,51.452213324040066,-9.019788393575972,8.082550499857783,58.09785629286006,-28.781523698945303,18.712677940968966,54.462432901173855,41.57206853263549,-11.900286657062724,50.76774069258657,-14.869299327063413,46.41345837197,64.95274686817328,71.31162204922697,-41.86244218135963,1.1540985771284562,57.37946631874474,-2.703254943592324,79.61521404679092,55.538076969544534,-15.723523203071165,56.53001013378628,9.988997422023406,3.9338884504392664,62.54800592046037,-22.20727140686857,143.47824617453128,53.556811554835235,-21.790437605777537,74.36462838549224,66.21894083896775,13,63,127
39.11746370606091,-20.067760664794278,-18.28811079380147,5.9819794887691575,-54.87786490080342,-21.19520498212141,-25.400634248848363,-25.728746666770768,14.26226636257177,-11.558780269319474,25.61095407639368,13.770711002108833,-83.67509021450775,115.97817447407108,39.63980348943115,31.884062894431516,3.428627437240777,26.049661896280004,-19.58389375557158,47.66905188446794,40.109287368063846,0.10769229670903674,-11.83315970477697,53.55838318988355,-23.595437175433226,-8.162882630917888,50.527244275080044,-35.482555820277405,13.197528673368863,23.60565734156908,-81.44772137058915,78.7363568286791,28.056525986340148,-64.90943086307134,-24.35238030024474,11.135073503474674,-73.0330855380649,53.28208194670303,27.032636658824096,37,246,367
23.979905757295427,19.443461508520993,46.50077703961795,40.865043320032576,91.87463223810015,84.92710605798639,9.860008431003955,-39.07011679231782,46.43585290194528,-25.51682119844301,9.005921396832498,45.10412374459194,-17.6256922889584,-28.46035963611955,73.63964676849038,16.53233325343803,-16.11301576214225,1.6966395056742996,-1.1092349503498409,-30.20675811597162,30.649647363903977,46.19223701332083,-18.028644854080746,-29.544800757880214,1.7207256299500868,-16.427397770302647,52.776209602212276,7.069795381553861,-0.009498578110843696,113.05313522992056,-33.53642133316328,-8.505177696978354,76.06285766408283,45.177482291683184,16.347603782578616,64.66593308297787,-24.54011107257564,-30.717394927139686,33.66507591302222,51,654,848
-8.501886091364334,-6.319358906384159,20.81357908456953,0.732542882613154,161.24615282029592,17.23226488813354,12.2933916286503,44.07524026631,34.20103085584389,15.726663691442381,-23.679188919683153,38.1162086046931,-28.422786561894696,128.08354366589185,88.71683176949378,65.4170655797564,-61.7268895134135,17.283650961579117,190.2854468124402,-7.57473262825748,42.296763498777665,70.17777655288438,-24.35596695047787,-21.67937916674539,64.45531657041724,-56.206119789826495,61.386014275632725,-40.610402472663345,-2.5379469443614937,9.127460349261842,-19.805565453360604,71.94981034915887,70.22022211391068,-8.220933435810618,87.6274909554316,65.70082307443809,90.06802504595254,34.54211424898094,56.40249071161975,46,89,153
-9.66357723698479,63.36223100304257,23.02218049181118,-49.776901585731075,162.1189620226917,21.40515614427305,-53.33878908750054,114.30679884923207,42.38843005052577,23.755786301829005,40.06160397318749,61.354168167383726,20.230457034850364,123.96627762279213,62.08906458245983,34.80227291641385,-37.20801567889114,3.7386770015532442,118.32115247887157,-54.75684241292493,10.418050133058623,36.001818136469225,-18.051009525188917,-17.717979553090675,-14.842173445176488,-30.591041093329196,25.049384366437426,12.222069074295195,6.396171730486958,90.1458878074852,5.969021003994677,3.595529992784184,57.38909017618028,-66.39694118253078,119.11188238467376,30.88107764106123,59.2617870070484,7.782342303374236,27.105392292196406,43,237,320
-25.88381146004958,-12.591540412742694,-10.049314564445908,-44.100864561164784,-76.86466638653187,25.572392667222072,-62.748270804453156,-64.74922071462225,-0.8334627033307352,-0.1715777978428639,29.295271434834852,26.164481258134092,-76.32816695671464,-12.755717698145785,7.525675998759586,-34.40772670250862,-57.99770646525073,33.8201740657995,6.905846028012324,-35.367210760044564,-4.506126750666985,-49.736436032501146,-8.723137576633155,34.199802586368904,13.793434688059762,-13.19250553664377,-24.67648941001329,37.80218255986026,-13.482036522322366,26.50944688557558,-34.83056425773916,-21.25179030771237,19.745965993528213,-14.318141937582912,50.16888619609713,38.9251511404274,23.46408998890765,-22.634739085107363,17.41769478842116,28,112,176
37.30733805370539,-19.988263912006932,6.75128830071129,-16.090410323982773,16.772301405761674,5.604849317851644,-6.791486367077433,30.309066360004174,23.986694392344006,-5.7693241041120125,-43.51407722241357,14.821666962637517,-42.0171396729062,9.74331852501273,51.169510718851875,-37.26529834225126,4.600430280064148,10.304484943400576,-33.45215254401806,-20.519867334154053,46.70368833737095,10.732819097732389,-23.147075859384938,-19.8558931847918,-49.066879339203325,-24.03935712168273,80.90255549517052,28.03100010518373,28.486522095546913,103.81026594302953,-26.67485789909892,-8.512650959080224,56.8354170402844,-42.34192055404058,66.11631521646235,35.502013916836326,7.295470435007544,-35.81101473901705,37.71145983812193,47,606,680
9.996508104838924,-19.053617278717418,-5.753975001263906,8.952286137237191,-25.891661409434548,-10.045713963011767,14.692107876833466,-8.150345954522821,3.2495076306147856,15.783973022525668,-11.342268045470552,4.299502135704617,-17.38820937848427,38.64394269786695,22.776874291395725,-6.716029114585252,-14.595252404705208,4.763412384846024,72.16468742150455,27.10216223663396,20.356613416408056,24.549365742238567,-6.510046504744202,-22.70160940053646,43.368566484609595,-46.21927938466213,42.695364665982225,11.279700806507295,2.355218984432894,64.6378789475634,-32.67070046470684,36.21185040314555,33.98269097130955,-18.674132619860664,24.983359850146744,4.126724272214,-44.73204974918163,33.256939361026056,14.584343531488534,49,785,918
49.84891140991279,-19.127032905642317,-30.35425422938839,26.535880329369064,12.122437127637438,-31.632468753191322,-1.96731731245216,-23.61969973638687,-13.592606563072987,-26.403160601211678,-54.753139350982615,8.00000389020411,-86.28121771878516,29.773632249879395,18.18702820849293,25.448025021625604,28.942591653108884,26.331365000276485,37.412246913758494,16.168401202085654,37.41104489225367,78.97311458501261,-33.47061837157334,67.00087454174584,61.211336981320876,-48.94532471643678,71.44783307542124,-9.542880664734943,13.598669739700298,66.44100276991588,-54.92692432179348,27.60095885548704,39.288314071838926,-16.23149990200718,-52.92404050829849,-3.7195181578863994,-84.3409091736818,-20.55264894995544,22.354074757361186,7,199,271
