nettrans anom Nordics_N,stor level anom Nordics_N,stor discharge anom Nordics_N,nettrans anom Baltics,stor level anom Baltics,stor discharge anom Baltics,nettrans anom Nordics_S,stor level anom Nordics_S,stor discharge anom Nordics_S,nettrans anom British_Isles,stor level anom British_Isles,stor discharge anom British_Isles,nettrans anom NW_Continent,stor level anom NW_Continent,stor discharge anom NW_Continent,nettrans anom Med_East_N,stor level anom Med_East_N,stor discharge anom Med_East_N,nettrans anom Med_East_S,stor level anom Med_East_S,stor discharge anom Med_East_S,nettrans anom Greece,stor level anom Greece,stor discharge anom Greece,nettrans anom Italy,stor level anom Italy,stor discharge anom Italy,nettrans anom Iberia,stor level anom Iberia,stor discharge anom Iberia,nettrans anom Central_W,stor level anom Central_W,stor discharge anom Central_W,nettrans anom East_N,stor level anom East_N,stor discharge anom East_N,nettrans anom Central_E,stor level anom Central_E,stor discharge anom Central_E,sc,t_start,t_end,cluster_operational
-4.4450000620009416,-4930.5555107023665,7.119332200829412,1.0739499676430713,-319.29408204992654,0.5068726248260732,4.062427222715649,-3326.1169823801656,6.6171776983256745,0.5311193800183256,-994.2032778423828,0.1701941672278599,8.525842420394492,-4154.872663763853,4.695791609723887,-0.8367918532953598,-1243.7256916328147,1.7905645165100417,-1.048964392326288,-47.33762283438435,-0.1800014509103125,0.1244220280528747,-185.9150106799775,-0.0291807532945129,-3.8502360958811073,-2768.3713164288247,2.295129993262103,-3.3373750842142766,-3535.8123791374146,8.025496842295091,4.600982877840038,-8145.596405467742,12.390876908032745,0.1213154107310559,-2341.35385301339,2.895343035897948,-5.392879388692457,-2130.8350048818893,2.828053629926341,3,88,416,0
-1.0337381854644367,-6165.25176069822,9.606395614765582,1.5728162372728314,-238.77160856730865,0.1889365338509568,0.7508259482957006,-3206.9582586109955,4.167607396190023,5.328749445985175,-1778.3352366659174,0.9729097465036762,6.873461069421312,-3942.3591424103583,2.1339059750413405,-0.6324142618603891,396.4645520610792,0.3036507960813983,-0.4126210045997581,-18.189392261594097,-0.4586131427863292,-0.6086625797416231,148.8183814740525,-0.2792682107976318,-7.3436149580686365,-73.24149549022559,-0.3441576628162384,-3.6411127324678607,1274.1288617293303,0.7312166153508954,4.43516216662127,-5166.672259255849,9.956621430946544,0.5118300084896443,-747.2401113728208,0.380212468697743,-5.57958835806758,-1300.1733271562491,2.2522165488078425,44,41,391,3
0.4796793788193967,-2058.771403836474,9.527571836192692,0.0278268393479167,-131.5730604573076,0.3030952746102667,3.655089811300006,-1405.6536002161,6.1415466955434805,1.1088915619597328,-1627.0990751843935,4.406316188079128,2.311441928207844,-2012.350741495981,6.490806247787685,-0.485705182212002,-937.8887630682405,3.963188922623358,0.0071617145236685,-35.40037653224772,-0.1221804234609957,-0.2712870346402201,65.38576457330322,-0.4799090511292028,-3.4177389272749217,-1474.7157550062975,3.426675829823486,-4.311452030272654,-939.8802811818308,4.17329083351491,7.913039598862946,-3852.786261090156,18.027000509316288,-1.1525695840330588,-1567.778103480708,5.7372097335858445,-5.550921750721251,-1319.095507118301,6.531230423606743,45,8047,8193,3
-1.3062538859860964,-2959.808978230426,10.519459488478615,1.397467789381121,-167.54784585449735,0.2833367509172088,2.167554188495396,-1563.0775746094632,4.477142957352438,-0.964664072835884,-112.18861172228434,-1.1995797878691952,11.47615988914153,-1621.4663558592536,2.349109619526118,-0.6007363600339058,-602.7425460615009,2.520617066775211,0.2024109556362477,-123.76639057079828,0.3268355767835007,-0.6152618019575193,81.80364416023266,-0.2060906593613964,-6.086529561166873,-956.4484585565118,7.087076211055029,-4.218432607932357,837.2021709621368,0.2488688252994517,2.99507977415581,-2474.1636324585943,10.259327954883574,1.8708206214624472,-1782.1383175333665,5.202380776577894,-6.195578530285653,-1078.934967876548,4.297560785486134,13,8104,8288,1
-4.747529702019991,-3190.610483036495,9.561972664637045,1.5031446762414389,-195.01957210968155,0.2222049222551915,4.684167910159728,-1928.948539358341,5.144650110905804,-1.7129215286056052,-618.0853829241901,1.515869318106383,8.676304098693441,-1980.33490959329,0.1665502618386982,-1.4464330551856794,-993.3729046873495,2.57351973160985,0.1441562321715566,-42.520780211402865,-0.5527196141151007,-0.0678632362598858,-41.5864536599407,0.3907972415325067,-2.88183359463156,-547.9238286853945,-0.1759452228934304,-3.370136391468714,1693.330244283055,-5.149326925068053,-0.2030247092723565,-3175.2965639339395,7.892699432470472,1.6742096356479363,-1173.4666958843627,2.23822966185496,-2.200146263413428,-1416.2024770132448,3.4919157216116004,24,544,799,0
-9.509340007132012,-1022.5237526113734,6.414972489164718,0.6886584819469944,-303.4637556341389,1.4633052600431242,10.65839990079544,-1215.3806127870637,6.163524975845233,2.272976749698694,-796.310401277526,2.506075533325371,1.6627687716400177,-2433.882852976569,10.34816502871057,0.3255966948456325,-822.2383509815083,4.504823752309113,0.0923727075969778,-252.25868264167144,1.1465064988661204,-0.4477691803099478,-20.199691746973897,0.0706848284147001,-4.254547130839848,-1171.7106199688874,2.75575186454361,-3.257461370184151,-2033.5594836297864,15.936143384145266,6.074706462993623,-2741.701366807694,18.590323408490423,1.299162153327171,-2290.835877514922,11.14075319364181,-5.30701188994043,-1135.0300834627162,7.309246789549006,11,8382,8503,3
-8.999025436201123,-1438.5045496482785,5.835181398881289,0.094593952224008,-104.31279924783271,0.3274098505916512,7.996589954580891,-1194.3729925049124,3.8411076633834895,4.677885537884697,-1068.2961406083523,1.09091329783086,10.437065166064349,-1690.3165080576523,6.3862349462005445,-0.9998478651291614,-581.876237989274,3.4207803652701276,-0.8015379604190545,-11.66873642846398,0.9030388601942604,0.3191293431512378,-143.23157481648946,0.2134320654761177,-1.0982061466681623,-3071.936377730208,8.478010691829965,-4.153691120545524,-832.2435233838653,-0.804654547693815,-1.5111426660354117,-6179.026749897931,13.931240204209846,3.2435132918080747,-793.2168671245702,2.300509376746028,-9.104915749450893,-1647.6258624076177,8.215839129251952,49,90,320,0
-4.566620736073334,-120.76393704441534,6.03708429863374,0.6011401870676114,-133.5497284098997,0.2720951934885415,-1.9305323147976208,-984.900517071778,3.9941867287203294,0.6653442968104422,-681.2906450203037,-0.1256579425783504,6.7360893792565015,-1286.3237755640423,2.290353676077963,-0.4866754623451017,-799.3868866779908,3.0117665473207618,-0.1348967755022809,-85.05369023656486,0.2006636494420635,-0.0680143201398314,-201.31251664796025,0.157531617854469,-3.011260124006317,-2670.2270541073276,4.560148764206241,-3.7802936732897328,-4099.574428060029,12.717932215612809,8.708475629536022,-5981.839344737291,12.724717702942597,-0.3082009486859731,-1079.0612585831846,1.8954611020796304,-2.435013815098699,-1984.1480940423576,5.5964238408882405,35,0,247,0
-6.996747566308446,-653.7118745322066,4.370588766435386,-0.6855681664516152,-119.9890484432088,0.4233636385653147,5.217836491575589,-1001.3968087233344,4.504851461160198,-1.3345003622320242,-1131.719279558833,4.185221617375202,5.753581776796488,-1920.336777684372,6.930219879180471,-0.9217894608962424,-668.9450748780187,2.4152287847596456,-0.2148986654544587,-49.61367171958361,-0.2014918956507174,0.3135052022056207,-112.04689992433345,0.3126870155150629,-6.87266544409386,-882.7711965983384,2.1196390707185646,-4.703235392041429,-1980.592740506553,6.957914148679182,15.13437350605994,-3582.6235036672415,15.206039466554188,1.225079996420405,-1475.6397436639,5.813933308929656,-5.735356544379084,-1160.1672827475152,5.177257639939069,41,328,488,0
-8.785501544487035,-2193.792406055966,4.092339437192628,-0.1030326748530733,-148.4197454963924,0.286377380745817,5.2008214953472915,-1181.577591422078,4.842987901229423,4.728653849480014,-2429.49409953933,3.9025015881871634,7.069332281760783,-1860.3536303190056,6.44352919213388,-1.1322960413992875,-277.43397099041863,1.577545699172016,0.7496278800116092,-71.6583111919811,-0.2257332982300127,-0.3390930013092295,-155.2939472275517,0.1745128092307302,-1.4976884651745772,-2519.753647599543,5.771753286267273,-4.19660604311185,-3236.8129500794394,6.720803214186585,0.2591059699358746,-5280.816236334964,14.633599844267362,1.537192895931685,-974.0823788602704,1.6042796211131036,-3.41319301695434,-1407.5415714995206,4.857566867786302,9,149,401,0
-5.719319241798778,-2254.0079960378707,9.165801973219654,1.3084547698817866,-127.42320884569968,0.2297384037930509,3.6071400219441534,-1390.8141650926227,5.774155087190355,-0.1736267835129377,-642.3002725709663,1.411454788806358,6.395764791280944,-1853.9161318612223,3.015680002728046,-1.29605007704257,-773.9333901656938,3.40351736212172,0.7912633896155385,-76.67782996621064,0.0943202050316689,0.3381564623594442,-142.03812703446866,0.4677477445575844,0.8184269272393212,-1528.4407070097404,5.556050790999107,-4.329447516144773,-1980.1658219336184,6.2243923490974495,-1.7785568148248885,-3627.864096901675,14.694976272991406,2.0329044659881386,-1432.7028659292089,4.365129520494975,-1.9318393298349583,-1289.399258077108,3.545133684578251,25,847,991,0
-2.10649452843556,-2771.1867617220296,11.408631368930353,0.0839494539576438,-143.29352977904549,0.3298478148584465,0.858921285052597,-1767.6038272379628,6.943956076079289,0.7764994585803997,-2547.915027916401,5.846124445825249,5.834290602803053,-1829.6712647741608,3.4168465836523154,-1.5917255325866375,-232.26831355946956,-0.4820099013832646,-0.1812308213034225,-55.99437163289205,0.137383600056099,-0.7830163035927721,110.23697772606288,-0.4150253365820123,-1.0952388932283856,-2424.464779800197,7.612335221371024,-4.487168243884853,-1933.320936116188,3.761940148310826,6.952995716005769,-6229.016721861599,19.36680585920528,1.58518324530794,-805.5466520940831,1.2718247005066377,-5.544150113126131,-1579.4949664689766,4.909500306901758,42,870,1063,2
-6.922913124336338,-2121.5571031840263,5.332722815505459,1.1953485733857856,-211.11803421190945,0.2619402440775246,3.828955122062672,-1917.5999786131144,4.301821522104273,-1.7239251587146258,-1141.131950140025,1.7957421155513438,14.410129540908128,-2197.1883485988255,2.3581456791323605,-0.717078176420846,-452.2833114223515,0.6559259733496994,-0.7730667859927831,-32.44982403232523,-0.0392255310113638,-0.7894508668052082,27.74032851494115,-0.2301976185297192,-6.374925189514187,-3016.081486140588,4.890274383824169,-4.233653176240532,-2194.6846253480435,6.588361246388198,6.420572652979118,-6061.945954839127,13.479296165285833,2.3454173538016394,-839.7019750959016,1.087591848809419,-6.498003735977802,-1832.7645918823891,4.25713358934347,37,328,607,0
-1.2525643504246322,-733.7511595784149,7.168776153669381,1.001896573466227,-140.66621395705354,0.487289226963621,7.236720860734987,-931.9015009927176,4.427783245167401,-1.3043181093348435,-84.81136579349396,0.2173607905832004,0.3420968409364344,-665.872627965667,3.68018723642756,-0.5280690693821174,33.89071482939028,-0.9630274311799444,-0.0169426285036072,-15.378520261782915,0.1973729850304251,-0.4115551684357768,49.262821728302285,-0.3169623786968696,0.4577502520474343,-744.1230988875071,5.612839875167911,0.2110980597389525,-405.934914514003,0.4170120595765283,-3.4333513459312996,-1151.9712201420523,10.240316202312943,-0.515100094608552,-579.801403871263,2.420573941882111,-1.7662045216411366,-421.00974888331206,2.753695665753061,47,303,415,2
-1.7938234602099488,-2896.196888459841,8.606548895725538,1.1273982565696257,-169.75682477998677,0.2556409959674129,1.1097733556969152,-1480.56009206287,4.245665490246777,-3.590073406183805,172.6914418501375,-1.1147565590849855,8.804896169832446,-927.2274183651796,2.15252693055713,-0.8430702215748827,-811.6657157804607,2.7090257704343808,0.1406588292425256,-52.08310418472896,0.3865692826688309,0.2904371547775789,-145.59306099742136,0.4181977551420188,-2.359829916128284,-1464.955157631738,6.7890651018708486,-1.7605060913565336,-1700.841062839903,5.710956312361983,1.6017841624764908,-1945.9149755905385,7.623503475006618,0.8241722228603301,-982.8749341708844,2.2157096083206733,-3.5205747669993075,-599.2562339307624,1.838779572914496,51,232,439,2
-2.1923436878305465,-1686.4578273998084,7.135044670123872,0.5553626389629223,-29.08511290623695,-0.1085937126315106,1.7568176430430102,-1342.5024791831715,5.674118601887017,2.5576005675270186,-674.3948262556738,2.4745770879518454,0.2206997597868565,-1027.612443263281,2.808344916499191,-0.8481186759603302,-541.2151676073729,2.0103494657307657,-0.0165796804662701,-52.048028472305035,0.3861917676290425,-0.219084426177884,-46.68453116401928,0.2272434843531723,1.6710051766617315,-1299.5342183180076,6.777032469919302,-1.3039728443416871,-764.4791569020621,8.964990713509767,-0.8061956794239062,-2487.9960395098415,15.846370006698775,0.2720914806354328,-497.45357130638223,1.0514776169313145,-1.549337109880807,-696.7068513549432,4.310285454833514,27,151,270,2
-0.9758610108949682,-793.9857673823134,2.1055009394777784,0.3326554330356832,-110.27093577563969,0.3667542461286301,0.5119228370828983,-868.2901328131095,4.860781024170484,-1.2755660902666115,-364.4745570998417,1.4526713007592127,5.878419758447402,-1505.945219140039,5.314669224057673,0.3052944309519214,-491.6928922604548,3.2735629202212113,-0.1335919222257774,-38.713477579945746,0.1724464438282553,-0.9802751048997432,61.48061219729094,-0.4912127629114646,2.240565258856404,-1654.8972132526585,10.411706251273248,-1.970863336932997,-1078.6987616632832,3.4513589259356454,0.8515993100549035,-2620.853617933546,14.383019901252569,1.2596436821754415,-885.8464030551479,3.2303033904215495,-6.025567610998588,-804.587657908925,4.604739183780082,20,55,174,1
-4.5794102147164075,-1880.3679213882713,10.461286954253456,-0.0241763771395656,-97.72603645755416,0.3227736984955688,3.036526856305397,-1012.1192253042792,5.2364681254756125,-0.9463062737199,-1415.225422448213,4.288574060869511,16.356417190088415,-1708.7312034673814,5.680938106625061,-1.064649031164696,-459.9930903765208,2.1276334387758924,0.8477045164927323,-59.34523954186041,0.2781367782211141,-0.9296641000517788,59.7977098884354,-0.1927023990712471,-4.6293189087474165,-2151.7979147903407,13.120661640556037,-4.307451380395325,-496.9311874815587,2.3277710995159477,4.852515353982791,-3332.923307600524,20.049220744342374,1.620932447045048,-775.2463152146173,1.9040311755532393,-10.094998445332228,-1082.869633853947,5.971509807045612,52,520,671,1
-7.6361713449712525,-782.5698269417765,5.6585594279248035,1.1094777138837726,-112.184326360756,0.3072527071215292,-0.1592981217062716,-653.5127366023005,3.618749846671065,-1.4998360832313624,-1094.216415596151,3.638358645859312,9.604686289708257,-2221.570572025165,4.356671907133345,-1.6007331929762378,-606.1957389722735,1.923559031755894,-0.0676800067852035,-34.35183057599179,1.399359250861882,0.7002175163647715,-194.89906944885692,0.4503795932158441,-1.9501248257982835,-1318.9942515531538,5.741042791603091,-4.159161359798863,-1924.5332474341244,10.933803548568118,10.05778514381988,-3694.0854365279743,16.571461958779352,4.17953507345114,-1247.0183392293566,4.084489182570745,-8.480726641789815,-727.4463918627091,3.7378259271561,31,750,896,0
-0.2332554448657778,57.71978787390526,-5.727579605426946,0.6919569692736389,-10.500748444848217,0.1622064426039862,-0.416633727260945,-99.3021601715318,-0.1647886013925017,-4.50514241845031,276.6578630876479,-1.607240038548339,-1.3109207914925964,-796.071587177309,6.74360873751381,-0.2826083036953352,-603.479610797463,3.9526059617666887,-0.1132643939145779,-56.35533953332098,0.9017231991986128,-0.2905915381061658,16.211241201527237,-0.3409052238561483,2.7918963032816086,-1058.114099818842,10.804393661554768,2.1128398694604185,-1271.369596930443,10.00272592836478,3.6382389958097336,-1291.835058827009,11.546349198029043,2.085335342233112,-512.8525439361466,3.1682879003908857,-4.283986180940179,-504.70020888259114,5.809360131728334,22,159,246,1
-2.13170351362956,-1030.0796577755657,6.882647337800389,0.8896530094088066,-234.91156824447452,0.9818921215341776,5.852772127861023,-1225.365595091956,7.280310811771134,-2.161902212681418,-777.779161012817,4.352833728158798,3.4824072592342157,-2255.274634873373,12.116266714668903,-0.7027557363262247,-480.09969604739865,3.504101511436972,0.257925733974175,-9.366564617372084,0.1709322932101091,0.1542478686822338,-43.008152960401986,-0.133670903191575,-3.4907775753799046,-1244.3039802014025,6.629242250907552,-3.4566673800695353,-1135.4244748722572,8.279794543977069,5.951542440522909,-3383.5829757225792,20.53642796271095,0.3824835597971034,-1261.8741140952584,5.561742480352173,-4.829392535538232,-770.9105257817193,4.829381363849231,55,8391,8503,3
-5.632135355006302,-1529.5743826554851,4.389537069983259,0.8705633248823688,-149.6826249296106,0.3428392970573736,0.756407487001379,-1245.964071652415,4.4298034911140025,1.6163367457989262,-957.1072700439186,2.515618800824644,6.498713509065889,-1424.6061171024087,3.441686412014199,-0.2196420351396254,-536.0094419720435,3.148010189270855,-0.6868274920328954,-32.301568800112214,0.2914224626413872,0.233964665273792,-239.07838492611128,0.5945939965459346,-1.4035837579008552,-1969.5389103861448,8.633357249569992,-4.219705823982536,-1195.4744078401818,5.90224186169336,7.5827072226254755,-3255.0196836945547,16.06097949414579,1.5810218919750292,-1533.3296619276205,5.11818891461963,-6.702204071712259,-858.4438324933867,4.618311182037697,18,199,353,0
-0.0869441856829633,-1712.2296585092458,7.380765342844466,1.4983024583050677,-245.56126133882432,1.1037948542435208,0.3664021010166813,-1327.7800194006718,5.7488088944674285,4.257380029203034,-1117.1190082911032,2.9955067246210025,3.0904289007710988,-2083.7914463842208,4.929804006219204,-0.5567814959695876,-500.09884167661585,2.7039249090482738,0.1586064728004195,-88.9338382350559,0.1055878415210083,-0.2611699712382292,-11.889186134002372,0.0573600976579244,-6.099461769756391,-607.1982550673508,3.9331721444017145,-2.979083801662725,-1390.3837869517731,5.65517573378639,2.5886618938611177,-3088.5055951189215,15.408965121774596,-0.6176669247402935,-895.2295766525571,3.6155843581137903,-1.06587139199487,-1150.7624293665624,5.468137001218125,46,568,705,3
-0.4930682989230786,-1467.881132226516,2.990493610688411,0.9095157464325662,-207.38205455469193,0.6369603597267145,2.8218258309331667,-1012.5384648663804,3.1359805769755464,1.215448361765751,227.54577354404304,-0.3368421078308552,5.743217977734151,-1040.4357380289182,6.364485726540297,-0.4674157591240006,-577.1868020219937,2.72276821009347,0.1998083126419719,-59.44097624689649,-0.1208025676938242,-0.447189464161867,106.99473499446547,-0.244845320004704,-0.7100839234179024,47.64256199316276,-0.6793619246164209,1.6461280713201027,556.7603014638918,-4.348330823567837,-10.834665422108513,235.48256816625477,-0.2047327090480859,1.9057586258639592,-792.2921210851533,1.6370919369489996,-1.581992562577364,-506.46129052103487,2.146933561226099,34,353,522,1
-2.9934838531929815,-2239.3366960947296,13.637950545264426,0.5167472708124314,-111.50294026492296,0.3507490508894713,6.8527557771332095,-1486.9039674301157,7.427198483845849,3.095831210816228,-1532.451967323477,6.139855487401241,4.627530209295864,-1217.3334465387134,6.775294437346595,-1.2666353688239211,-145.16435992417092,-0.2687486208642724,0.1938539683173054,-34.69967983130617,0.2029071139885647,-0.887660590563159,161.19871549188397,-0.9311281375777604,-2.893998562930172,-1357.008694135032,7.448066645327634,-4.1933954506997075,-1115.5002051050456,6.207614933580539,4.771071353989546,-3629.7985387795234,21.461146649222815,0.6731480143081319,-430.37982348457155,1.7338489345567778,-8.326322138291074,-949.5995289887194,4.609524975294486,30,1254,1374,3
-4.536256517108274,-273.8868204202663,6.468524895057353,1.0285814485783753,-90.35635122282731,0.0370221309067907,1.4637279015994729,-1030.5680236633016,3.5804652269859485,-3.3303942961973565,197.1551495518107,0.3550727009705547,8.17138976403923,-1063.4701941705891,1.0277480246864927,-0.4503823512888284,-638.2888375167693,1.1416656740006594,0.2110779578900088,-82.47822757937168,0.7940599819616949,0.1418165274299032,-32.53077050825715,0.0734410917269978,-1.2873507825332249,-1332.2060604303963,5.142568864875619,-1.3449224358954135,-2064.945202942412,0.4568829444522766,0.9200404830348856,-2958.878581128314,5.607435776629096,1.3358658764811873,-214.50502532191737,-0.2753844585700102,-2.311236180951024,-883.1880641248608,0.9509675309773806,56,231,535,2
-4.820407526048119,-988.4210375984924,3.968661529386487,1.2317887553104885,-273.2973199861567,1.020459746863955,2.462224660430347,-376.1468505431245,2.9820408574223194,-1.9411921025550765,-54.630609375471245,-0.1162967728510699,8.294648574633655,-1633.573064555464,4.954593396179808,0.1490745849640453,-544.3609888885198,3.3193094873514832,0.2295525462531131,-5.869865280765559,0.2635012720127014,-0.7218987992605077,43.23524395412325,-0.1507824990509905,0.6752977053010358,-1929.5194441486128,11.174434306003423,-3.52417654164585,-187.500512376988,5.701413384581011,2.2299074580703113,-3055.3444529890935,17.281970053015428,2.4934190236649165,-1619.1023723782212,6.762343527785271,-6.75788284408047,-809.8099854827282,6.333664566994497,38,89,223,1
-4.224593641621459,-1679.865556165669,4.16692841046698,-0.774937811327909,-44.455081015164,0.1875685494341023,5.256965252073973,-971.4075017778962,3.4916757749521192,2.0457912476572138,-1160.712658602241,5.28254307406779,2.654407853110045,-1146.7152857213616,4.076165136091972,-0.2013561138799818,-266.7703590116598,1.1080871407886494,0.0971927519202244,-45.01403033707226,0.6051976246006248,-0.5947720124342697,127.60806846599397,-0.4073821430470801,1.0464756512044318,-1538.0894196444028,7.988551337938828,-2.1175135463089743,-714.2437495342353,0.4924761756215101,4.835036573793309,-2998.8521944649847,11.84334562683965,-1.1352594113635244,-21.378970659863683,-0.1797031625142886,-6.866974730478244,-920.2681753369942,5.676726877679241,53,7914,8071,2
-5.728100689312146,-460.9021935047058,7.81551168340355,0.0898668146168462,-206.49287058998345,1.1393474840319788,3.83217851506992,-697.2212144665374,5.681792579317806,-1.4660111868458945,-580.5142170913513,2.75236258200246,8.215169555149664,-2329.643867421037,15.778562064902578,-0.6393412728634718,-248.39373165695636,2.5910928589355855,-0.3449236072958892,-32.876074317484694,1.1346401985586714,-0.7321097143774249,-26.925178132012817,-0.0444337747378409,-5.505074332589221,-1232.594968402644,10.788263469922152,-4.1749104530941015,-821.2052200658061,10.010890251920983,11.4749260710654,-2348.520865122263,16.28159397817734,1.441688246867069,-1288.05058191917,7.611023144511693,-6.372379146756907,-886.4533975295844,6.036320858574773,19,8194,8287,3
0.0565171074418212,-2640.673068044466,11.728637131165396,0.4594413957416986,-26.964412599971418,-0.0589691993112172,-1.9026498837699104,-1625.045566577077,8.884112614731738,4.6924284724372125,-822.8529492708249,1.9922142704104568,9.75805229109888,-1944.187317517862,7.262499757913311,-1.3932721881697805,34.42253796474324,0.591980768478515,0.0161176480166904,-8.128618114455442,-0.6554380983556605,-0.0963663599394002,-25.009512429766435,0.3592648122974482,-3.841387681711747,-878.8491538861658,6.725195423509209,-4.3163106964742495,-678.8713393101839,3.2835117793015662,1.7135358003076435,-2486.22375072202,12.350277751716291,-2.254879875489668,-47.672740139947535,-0.4590972127746604,-2.675313575546399,-744.3187680001712,4.24695280517604,50,1122,1255,2
-5.6425618927158325,-910.4106414124556,1.5826288965233744,0.8622394833514848,-70.32377004791233,0.2360648088160164,-0.0010341477968865,-760.1853420453772,3.1861165791763284,-3.162934477434905,46.386019047682,0.0702204603634344,6.281807447430708,-1309.3096981261046,6.703606970452162,-0.8756472808890459,-728.9712922314718,5.10830424480279,-0.792438373876889,-33.44589438491313,0.695582586981109,0.4390944768852035,-145.93928605953624,0.5433107318556281,-1.3919905410401887,-1437.6755214125,9.603124781889983,-1.88020520464962,-2038.4234713300864,10.50130066042834,9.138077852861466,-2046.4203027873816,13.52898827228442,1.2025013992093043,-1123.6964490690848,4.456996375185122,-4.193290842399874,-763.2180664562446,1.7246617411091494,39,255,382,0
0.9926903874772396,226.43420195107777,-6.4524625959054855,0.950688544728468,-228.69942918466987,0.3551582076160604,-3.4250067488906613,650.6883064309638,-3.596717240962212,-2.665956653210669,-1199.803156601638,2.106252931785966,-6.42369399784816,-1166.7116934272335,4.0770651634013095,-0.127398273653605,-611.9342009775058,2.2208586545260225,1.172970337503661,-33.57408924889154,0.0555037332201293,-0.1677781052819481,-142.31408699942273,0.0598599372508836,3.074222115927576,-1978.447660835248,1.7324929104645364,1.1755386229950582,-2288.1789984432353,3.720665114322596,0.0230439681314149,-1745.069281916322,2.490553052504018,1.7127099298566155,-941.3591029227316,1.7145578578162628,3.3939009249257124,-1204.8189973012036,4.966381605439545,21,8417,8671,1
-7.402623717283323,648.3411637268321,0.2511085999821141,0.0651395756368743,-49.56882383981872,0.1277424755239653,1.031813188515616,-94.21433790841184,1.7371445354498452,3.763448790568181,-1152.806750348721,2.654708509477024,16.244302110163286,-1710.407762183057,3.265717378662403,0.2193787335153034,-563.9089974990986,1.610975778889891,0.6987164233055724,-50.70324021734278,0.1751035776362148,-0.7587800781520914,200.64170806692312,-0.5730221824357479,-2.5500041763323997,-2613.5729933505604,6.273146867167686,-2.054314444750668,637.1474757443447,-5.416595414399254,-6.033159667155927,-3606.002914818818,7.709178013040539,2.320695655615328,-749.0058016630467,1.0285589276802067,-5.598671833714624,-1342.612482567205,3.0052812493415466,59,54,270,1
-5.276232907658627,-151.8731788195588,7.256170068925218,0.0657641025769428,-149.4955739000382,0.838555384594523,6.406243200084062,-1011.31637210813,7.226635090941569,-1.4691145954633615,-487.14616348296727,2.0431971701304947,7.005134756246203,-1537.605937299006,14.3142659189484,-1.2966646844346186,-68.64335349340053,-0.1026087008704559,0.5730503706749317,-33.09769452585727,0.5523275524953069,-0.654672450775197,-28.075761292738775,0.2678661477296429,-5.288400347423117,-1234.0997425627545,11.41100154638147,-4.541580556912932,-82.15136679783268,-3.4261265106209677,13.599651849549932,-2626.534508231234,19.864734693733663,-0.2764531488196868,-430.0459533149959,2.5463917032605496,-8.642242649720492,-650.5079040985436,4.213140826925423,17,328,416,3
-2.122096514476774,-4612.6286496115845,10.41728048037119,1.2930942438817292,-300.49366440585163,0.5429186470275853,5.152347099699153,-2473.86545208854,5.9162047850349015,6.29099133365092,-1288.7841470478115,2.448962286342011,6.975261651312189,-1654.860511928705,-0.244506907446298,-0.3049390665544438,511.3001518194151,-0.9830828951276348,-0.3821479578941748,13.701604211862424,-0.2717125302639465,-0.4157491654879858,197.8345126692103,-0.4934082202404142,-5.299608105248675,814.6515494400961,-2.4735077364553444,-2.2385916142552,1700.4467658069416,-2.800205557917087,-5.387815112994101,-1810.3672994553483,5.424616023745287,0.8554314968590244,-837.1347100352942,0.3570373237804709,-4.204187862590991,-317.36131581128615,-0.4029164242772713,33,0,250,2
-8.057645273297013,-497.081647430552,2.553863415885157,0.261256883495771,-69.64463711138464,0.4184833854198252,0.4207886015133993,-806.3645998587058,5.26399209670325,3.9388861776188664,-995.4130069566164,4.997423778166975,4.934631623971954,-1611.0965271014138,8.499965899564737,-0.4841811798843372,-510.7684858601926,3.74550145447404,-0.0414092426839967,-45.886178450096736,0.1374260203436454,-1.006527082864468,-22.752229443381893,-0.2662960688177196,-2.361429508520282,-956.5841075231478,6.83930183916968,-4.564653236506084,-1440.2834532818213,8.733239312386297,8.72658643267686,-2816.715020899278,24.508828398096355,1.670719398567542,-1193.9249315008854,7.399847578301319,-3.551195890657986,-908.950328218252,4.535712703485512,15,785,871,0
-1.509873632793813,-596.4619445833591,6.908651352777426,-0.4966266172197897,-67.35465606081134,0.7356234072869888,2.2604604936284516,-621.1078097760485,8.630650227032218,-3.881909359157629,-175.03095933553146,2.3329997182405533,11.42638871999298,-908.080228274323,11.478165470523722,-0.5571884321957215,-61.5497669686701,1.5926170304111196,-0.099604562756075,-31.328710212941196,1.1404376110476262,-0.9728381704414818,-4.821743453741412,0.109994328547353,-5.57088929501238,-750.4781062145569,14.290578326929095,-4.088819241118513,-218.5312501626399,1.0507930429428036,12.227088712630744,-1512.207707620952,21.688152882895068,-1.49694202293417,-500.5917502925232,6.369899525785467,-6.983414316649197,-462.06461568732016,8.210114096990019,29,87,127,3
-4.003782306760489,-264.7088819553918,3.199312902530604,-0.7731204209801702,24.67083326575974,-0.0654601519956079,0.0089939186540126,-392.7799767727135,2.9776174596662432,-3.657111067654664,150.84441826642774,-1.3561638586343236,7.801014418348778,-1154.2224419101983,5.436293428111087,-0.8310608760068561,-196.32322332505385,0.9987499221788534,-0.574121665184887,-18.358689272864908,0.1906191286099785,-0.5540948125572227,-53.37873184934196,-0.1312033496352169,-6.151466826118211,-1365.7578602573276,9.94668320021604,-2.5696425691810525,-813.0784882280999,8.009993645330466,13.368020563486528,-2544.23521759084,21.14995842694463,3.6927739302310223,-922.270184977487,5.993043718272096,-5.683734703041294,-666.816279588446,6.319027658185099,23,8430,8527,1
-4.429810318449737,-608.7653533148862,10.026299939083144,1.5824615341637744,-100.45031078508372,0.6341078169279453,5.683733255590587,-793.4464195127783,9.48779219230341,0.5567892642894501,-739.0152804007099,5.907424343424717,4.62832225176308,-1087.289258968446,8.367378093752688,-1.078202512605146,-25.563854759809004,-0.5485870553434369,-0.2413132296877826,-3.3079062653796214,-0.1131684778599915,-0.9589726495136482,102.99397581462628,-0.7981648710411703,-1.6121713540503166,-921.9643118185596,9.22815105240782,-4.008220743695134,80.44908490848434,-3.841389506417275,2.811378306300851,-1819.4879576868384,18.270048929372297,-1.640650235582494,-71.90127002692975,-0.6485322877482802,-0.9153228884055276,-541.9067919774612,4.882427457583557,57,63,128,3
1.3565454092530609,-1138.3632829956423,8.97148693460445,1.289846266167085,-41.703490579301445,0.2303284349063238,3.6916522738061577,-919.7527378272696,7.395888368707571,6.063244900844827,-861.4664615604307,5.320651181874201,6.9438109480819685,-1143.4132556820457,11.353917402033908,-0.6521048051958407,-42.672026625769234,-0.0938040388771819,0.7049299867801977,-26.972362074477907,0.2021797273960301,-0.8352589529182131,103.40036101147597,-0.172900996956776,-2.0785178003229463,-673.7261374945457,5.543859198828288,-2.3564508947423244,-635.890572600762,3.571722459126459,-3.818153603886032,-1778.6877865484994,15.083019263350614,-2.604912453374416,-173.12043954095935,1.328845855169677,-7.322532085323415,-628.9532760351916,7.22699522330488,48,7927,7999,2
