wind anom Nordics_N,pv anom Nordics_N,heat anom Nordics_N,wind anom Baltics,pv anom Baltics,heat anom Baltics,wind anom Nordics_S,pv anom Nordics_S,heat anom Nordics_S,wind anom British_Isles,pv anom British_Isles,heat anom British_Isles,wind anom NW_Continent,pv anom NW_Continent,heat anom NW_Continent,wind anom Med_East_N,pv anom Med_East_N,heat anom Med_East_N,wind anom Med_East_S,pv anom Med_East_S,heat anom Med_East_S,wind anom Greece,pv anom Greece,heat anom Greece,wind anom Italy,pv anom Italy,heat anom Italy,wind anom Iberia,pv anom Iberia,heat anom Iberia,wind anom Central_W,pv anom Central_W,heat anom Central_W,wind anom East_N,pv anom East_N,heat anom East_N,wind anom Central_E,pv anom Central_E,heat anom Central_E,sc,t_start,t_end
-7.300508876308677,10.561174642834608,25.983012604634336,-44.568472280255904,6.1724797442695225,50.255599598270386,-44.4498592157623,51.34395355383774,49.1350193323533,-12.098532913951722,71.6555294787102,56.84260975808614,-62.68227164907225,85.44793423759066,94.39351808289238,5.5928708979107915,12.425243407943407,55.02739902823417,8.038700342318906,26.55893752231452,102.30068876058564,14.544951295854283,-40.66106858147342,93.4116925852058,31.466728001715683,-33.997404319318704,153.1711201370303,-13.27946786874627,-0.8551350131311295,44.559152948012596,-32.855547729176166,46.15892905561841,85.44436785922947,-50.26794075301174,86.35830653760836,62.017314051362746,-13.839070535372722,48.392793347169054,76.7431712522686,3,88,416
-31.460452449221226,50.92633761063771,64.73476998775433,-41.44879556299314,47.21494309993903,121.53024490658491,-33.76128412017769,12.735670675052507,57.125232412940086,-42.20839279711585,63.68263207016312,61.351219295301185,-53.40197055715228,9.69304901524205,86.90227992510997,39.47204564852919,-17.633354238057343,2.6262862007076766,19.135916438011225,-32.146543326002494,11.256358523884238,24.190805386332805,-6.700588162987617,-52.412342829914316,52.184856501428555,-6.652847840574408,25.04208618061061,54.93239445916228,-15.562457419214622,49.44536131417688,-29.975061370828122,-6.736082349458765,70.81677031845531,-27.31736157721436,35.46124070569765,84.50945083066948,-32.002428838546955,-28.639244329939125,33.60826626739733,44,41,391
-10.908198521374322,65.38076657782509,71.76889979280091,-0.33622408628630446,-25.830815523758393,89.4183593076443,-9.325356751352535,27.185024551005466,85.41268102119403,-44.209050020277004,-5.872299062395868,30.67192763873163,-50.58982183177784,3.8059724386937903,91.07933133300502,35.5530669090038,-24.27140218287015,67.66983044240249,64.54725053943346,-2.076107107911823,97.08788982167869,55.10338920682338,-28.68932881099564,103.68499806754197,58.402973412392846,-24.614209654149665,169.3878878792305,18.40751836254568,28.12581809489099,163.8182558317275,-25.025595639155373,8.406660639970202,98.67707066852509,-49.38838896214953,26.93396674234082,76.9712357284121,11.96119579743677,15.806752294674748,79.40072063829562,45,8047,8193
-35.11937338883012,79.56737000853235,64.19378063339039,-41.942290944706535,28.224527376801174,117.97308928375712,-29.366707661636937,-44.76151380258589,66.8348547985313,-1.15929746277978,-9.57000081983405,27.0527259469226,-38.554212238677735,22.326950963134568,96.78899022045997,52.552309346860206,-12.812100916481478,30.447133325932757,-17.607548522109955,-41.9761135906681,59.11227691301719,38.79841786213017,-4.675827599424052,-37.275434606575935,-11.986521466504808,-4.288930591906814,10.474327588158385,35.1052280573666,-22.291146429824803,34.59725397538712,-43.55098629100028,-17.795801425719652,37.978990880985194,-36.61812541703646,28.934051552441137,103.66783575061508,-7.949493229408746,-29.7460425282812,79.36311765056155,13,8104,8288
-28.35280183884673,29.848567380251634,33.46853833263921,-54.81587725948266,16.38241494023293,46.650452989115834,-35.06708863532239,27.127788516707223,53.800542109263375,-7.6128562456440285,-4.267852051260714,25.706342870817732,-28.02131105527061,4.546119898674732,56.279849104778926,13.565806477071973,-18.07261725605327,48.540608338326706,-15.164849612977918,-28.61288303681539,52.20219551397245,13.69217248319334,-10.769704055135398,21.522463301494337,36.37390647803797,-6.615704546406437,57.836701712448445,21.249206301469854,-9.386449636310857,-11.831981348625577,-18.63462295703024,-7.860857032912512,22.847197018502193,-55.50383055987754,11.91363747302106,61.80912077332666,-40.98638323210842,-23.776484594538,57.91446695226734,24,544,799
8.915885050176641,8.898558349615495,8.033451269423564,-47.91340556596109,-37.37865480612826,32.711978810335204,-45.16251954843919,-11.4916910049697,53.75253902886561,-13.807063021113272,-30.051231192683613,36.848851410597646,-46.89528262360979,80.00834596738535,109.22446000698713,-40.39268847350566,-11.960133691082907,54.914006925393565,12.649565358468843,-30.504264398910973,87.91603636731618,12.016108122182727,1.0790969995619393,53.86166621151207,24.48003352228605,-42.83613111773699,106.23151495137147,-76.69345681422936,18.516822375820922,128.65940551362812,-47.14536181228096,26.90404637731916,91.11044088399235,-69.517327848525,-7.273622874737103,85.1095816447342,-86.07602109864119,10.925785730024437,82.0504595501199,11,8382,8503
25.916380834316964,1.4090323658945472,-6.840380816925992,-5.5176936061245785,35.70977468427768,3.54187904761466,-57.87827793817485,26.38320161017853,33.33295434928839,-29.46494079345918,-9.163631827119728,26.627946055471053,-83.87048975900917,71.88451730576757,53.01026516675046,-48.2572435158607,50.36263216237609,35.49632036199733,-72.57506250215795,44.45984148270468,50.31370870731009,12.1057758773749,-6.401545254476064,88.38206937664683,-4.7679094445611785,-29.366289936561614,34.24524058573397,-2.857331327948658,-8.138983034020471,-28.9341393453822,-49.79382094095659,1.7886953514811597,9.922286650589035,-59.44580613695499,105.33553206001751,35.40006207656089,-76.16083980087109,74.41776338262885,42.67431480955786,49,90,320
36.04348859200179,14.162678227189417,-2.4328236171191557,2.2902533547694124,38.281932454437715,8.870418455792613,-0.5581709263940378,11.009321438442011,17.251033751458504,-18.83273016648597,-27.033408362183675,20.683205661876876,-42.02373296429399,-21.279824031825125,35.68765307021231,-25.59222600337997,9.161927171723766,30.623043071448265,-18.05283724492024,-7.016905719800187,49.10734031580421,-3.3010398076510192,-26.282141177709086,63.461331234125005,14.42388895694942,-30.31977090716885,70.7744578326128,-48.00314363673243,21.18658518497322,86.45692095957523,-50.89714963379429,6.695802139119825,50.90999865077956,-23.94151810938349,12.590617063397435,18.497151425742206,-39.05385580487978,3.6550925923804565,31.872001725642036,35,0,247
31.06062260458448,18.169006013446907,-0.24729040822378573,23.23772505333564,73.42433019753254,23.054634724579763,-24.356424946066507,87.31123352070885,28.69691818737865,-19.75564001692735,55.37515716876551,40.44554184437296,-71.66300464241489,123.31738185156551,57.6300899970174,29.546605842078904,-53.51914902228242,26.375701943635015,66.81618773400433,-16.99831938945842,56.86287966191493,3.8157577031044694,-39.18674274389106,8.700540292202398,37.480675908348374,-22.54816327146584,107.78365895090747,-9.557935384626305,24.27124446344754,96.48814080250276,-62.799413869295805,71.1215005695428,71.38994983390793,-39.37550740488388,106.79475589631441,35.785365839629456,-26.57564900631871,24.11771488949955,42.317679343662306,41,328,488
6.506070517612765,2.292902974384568,-5.901743795641208,-23.163813787448976,20.547719554836195,-6.039487980878706,-60.70657712638143,19.955961301447296,30.116165434587227,-38.149744967453145,-34.754377859557586,43.2891070655877,-58.740016726670916,23.11280396304561,65.32836544572446,-37.75424217127553,-21.68433354954907,18.707422859766982,-17.649484657320894,-32.256774538984644,50.165441086338994,-14.32841720475877,2.073850012376868,-3.373103288208304,-11.683029028655271,-16.573884067683238,38.98581209313705,-18.525420178813302,-11.22005221554862,24.861347126375925,-40.74204643482558,10.710159127259134,43.13935045006073,-58.07214140324296,-17.928988058270193,28.77274480025881,-63.54734994968814,-10.294318966760699,45.125801328366634,9,149,401
3.7023644133298284,21.24976510239687,49.116997231834276,-52.24741298466091,-3.1418614913978704,91.0022079546984,-24.030842004754625,-16.957913776054816,60.15242765797909,3.5329327237298154,16.94003298884256,40.973290344530696,-20.229844890317985,35.92867005453837,82.55308818357638,9.600994296004117,-23.424829283573594,76.41315677052997,8.984038518610909,-31.407348017049795,95.52971507588529,8.955734005866544,-33.974063960497055,96.76262920411588,20.251287725512295,-33.34832554770085,134.21006621612807,-12.416223845764556,-10.728706646882282,51.01573024698956,-22.901290907356035,-1.0825858128707664,58.29560219725851,-63.87433891679047,11.32816182256587,94.0470354238829,-50.87572690593849,-14.286759858905047,85.69928259328078,25,847,991
-51.9914908048367,18.34893902874251,24.599864712355032,-25.72648195577501,-41.84439011019159,12.761272116373135,-42.101109383129995,-14.170348446973946,43.54205815966883,-53.05197015817122,4.069719516135919,45.632156641030306,-72.85767191910725,-5.345998101741645,80.87126667286681,43.37307505569423,-19.016697793104733,32.31660253331165,-13.005504748137806,-2.4066378620319493,88.01888428856904,51.61055668618752,-22.388813734960355,53.19780294915366,5.450094286228552,-20.435159265859294,182.8154867474157,-16.53624358540795,12.440930332320292,152.11711344901894,-52.3679705855502,9.736028566186738,103.10341597079503,-42.76991139897869,-19.628177650170976,41.51054631900146,-5.385072376061551,-11.835298592979465,71.69993918335544,42,870,1063
-18.448142812744063,-21.765505491518702,4.4286783596627854,-56.512126838925816,-46.03640921366283,27.636186131707923,-42.7513080023543,36.89957841984405,20.348776055939062,-13.650478810174022,-21.109654034256987,12.894515231327139,-67.46702890994655,40.36416294416296,36.08953490192146,51.79979466414536,-35.023642224425814,32.62878809539397,33.44962246621204,0.40889727318425473,58.301189031308894,45.66977257783857,-26.021732081235832,34.31621903130292,24.00022001994211,-28.165002267376355,95.02848396815268,-12.665104045613043,0.10136970438467154,105.9231865013165,-51.85905157539854,9.067958090598635,51.93193305290947,-72.20865303509876,5.487835916093336,31.499875194653836,-72.77351024679928,6.09105291938767,38.559325863612855,37,328,607
-34.34759989952499,26.359715197328388,40.55134458525768,-55.658128522054504,56.340627722933675,48.05802131971853,-32.42796722352552,24.733541500014255,40.23708713611637,3.7819585545909624,-27.445844676760732,5.575827828127973,-7.008614982513691,26.783961143133084,30.4538287811166,96.13877093480733,-23.59764926269187,18.583441875757277,17.781897786471966,23.210552292005826,30.906594889787225,31.896626779545944,-6.873158584036811,20.110244828022648,-12.739258224813518,14.409616734935124,53.029817636539555,-20.098656310046053,22.731707691343246,-25.428087966152685,-17.89964469204063,21.716772612948557,25.518434748621043,-39.093715255111746,10.469560194217898,28.219123237070427,-8.13107765150201,7.888714422665815,30.03097856983959,47,303,415
-0.4876876876855925,-26.83022186876995,38.25912768844594,-43.65050383334424,-5.5296575119016005,72.26605680182897,-6.467079012450165,-28.17030665792043,36.60119694996774,-6.903500530452167,-29.548400268565615,-1.155237077596522,-29.00778795300414,-8.211361261214503,15.981582174768615,-38.40504261305414,-10.308333228916574,16.88168140969464,-64.23342343840609,-7.252103756505113,14.704581855000724,-18.55205037247726,0.36273848909652584,37.00760207253105,-50.432262773668235,-19.67059569777556,24.01309154367385,-46.48097970332012,-0.6084619568009925,20.418265547017395,-31.76323535507073,-11.03376668100412,13.935156731789172,-42.11852836054549,-6.315119422654951,47.413569699788205,-34.5481872925819,-21.629552418122362,18.74914399597445,51,232,439
-37.10755694780954,1.9900930183048602,30.265865344158687,-47.826134085954656,-74.86555316764154,11.405329611818878,-28.597226201859748,-44.747112786595096,41.293172652841264,-13.449162056848902,0.9457049672686769,32.944439373099996,-16.543069071539175,-36.38359946029225,62.42321088673298,-38.50448437352576,-50.25043363060387,-2.9178267316433315,-30.547791154057595,-1.589373940411734,43.440284813035404,9.968684538785634,-21.599473139076725,-35.51214922686964,-22.17280432954696,-47.5198311986038,60.87357278463781,-53.53228802040162,24.116147491165048,138.93740355802112,-13.258895116266297,-18.969896233144496,67.00246851448995,-38.534410213648165,-41.5652633170831,30.186938528309863,-13.650794407390668,-4.578560571543703,39.90835005380537,27,151,270
-29.205613024828587,-18.64540930955232,6.494069597172067,-33.4403870219787,-25.61576929279133,17.432131838291678,-36.27552948766407,-0.8144293264021163,24.876922250835023,0.4006701866657943,-14.87064258572499,20.456787305106932,-24.139389525122347,-8.930037792634758,29.599156305146284,33.63057834625588,-19.68358983088564,25.51617363768594,20.125939400863,30.199356878939597,70.69156492492435,48.80357416055871,-18.93470551300168,-7.57881458033047,21.7075331395347,-6.363617858622686,87.22071255384243,-12.759376857032844,-10.047349668069597,26.233560738056216,-21.904975051915397,23.677090247796613,42.562170310752464,-35.614244090303124,9.977590633323317,24.404393419472648,-61.34508739441239,44.858890264852946,47.60568858431549,20,55,174
-41.06286204594773,9.826449830738746,18.3892991345129,-13.307627661145682,-65.0208593450452,14.029301088444221,-36.701414688141845,-36.087740034858925,32.74095401761806,-25.89207851174195,-1.7338134930520464,40.54083962832023,-59.1821241253631,9.741986279135832,61.84178683100813,43.12922575493822,-26.62859904260926,13.52030142115872,5.080701579411152,-12.455830050753995,50.532991067332524,45.080864857650866,-25.18148677425385,-20.79663637642736,35.67260119886635,-14.678433440806938,64.28236817441815,21.07982763316263,-30.415582265719053,-21.400201408020877,-46.58402164651358,19.333886036572036,50.289112607784894,-55.11341912642336,-26.476958533245686,29.78487465145163,-52.96496490819161,-13.011857375346258,43.16394553294053,52,520,671
6.846153797157322,5.406601792398516,-7.960272396031663,-60.679427467239414,18.510042290937868,34.289066581402906,-39.87361123607705,-10.535564907465814,3.7932155271074715,-6.966763792009037,-35.46849818688359,7.474382787022174,-82.34934492393377,5.747188358540123,53.916296845719636,-21.555684861474468,-18.831824141358315,65.5998876801732,34.20811508015342,26.418991318286132,95.52232646881899,-25.891590513245262,-27.63584427846315,98.32075586745914,-0.15673234686721105,-23.917778741313086,144.05997729125548,-49.50447702733619,25.7014842046419,103.45772391487715,-70.74729300173863,33.2023925225042,60.04580818698827,-81.39890046530097,28.456150424760896,50.93448899915893,-21.020637725392614,15.42322427363593,70.37502875581274,31,750,896
42.390111301615846,-13.819828857484207,11.620953991090568,-11.164302885421447,33.978829445097155,31.938392690133465,21.335306541707578,-22.551977332047894,23.590632915622553,29.848750285346693,-9.60284589403205,12.798033438485948,15.686498373907579,-38.309568520416086,38.279145864500286,10.842058934270742,12.06083478295442,29.445548373455637,19.861809403250934,32.05294444967375,67.03779878545524,37.161631121230954,-21.332798942972644,53.311362727313416,32.30843508378619,-11.998769402384072,144.7146246810099,-50.95192159970302,40.15107349701371,144.81165687243123,-7.9841696160771525,2.962486698688266,61.01081407503028,-22.59131565346899,33.48675313561343,36.58204954822804,-20.885673997509603,29.46671972078662,47.61237290088745,22,159,246
-48.422195271199506,4.253539587852715,35.091645641506325,-56.479824542335614,-64.70149892566464,56.652302554006674,-51.409473582534496,-8.59736918443776,57.37695798160723,-11.383676791263007,10.52953788960827,20.177230112394675,-51.41856896515713,-38.73267656200524,41.14988825776202,-8.568582454983737,1.8227212966031439,38.38101269105905,-53.464449044264676,0.567468376855411,65.46187890283665,11.290429795500643,-27.208963627406956,90.83682283158979,-15.162866393466373,-32.88089761322241,118.8931481283455,-55.823367489257826,29.927176599605865,54.02000308821123,-50.202345548769,16.142513885542716,52.32761416464098,-64.29350594918776,-40.64438542145885,39.90756341058213,-50.55317845427827,-3.78885758968968,44.853744370294635,55,8391,8503
9.628853592291351,-21.87068593623872,-6.8034855169599675,-40.78054015610832,-11.353643233318465,22.024206400488257,-23.529822371372212,32.35294364746284,19.184773107512378,-12.366021411090582,-31.046457177722743,4.321354035913217,-28.791662773487385,31.587770766516353,49.4840441923757,21.62623667198216,-15.985679284177209,37.22257646455957,140.88847514555843,1.614776052512315,75.51145600350713,6.34299172898208,-47.02661928546031,86.06561287819584,109.15772328417697,-22.51623219114084,148.24593212004643,-32.91696375099274,11.790886154651185,105.60460828608723,-23.150977566991717,24.70801415360829,62.30253631727233,-43.959982975239136,8.220963606455873,35.323037069219744,63.31929106047054,3.171598039176439,52.95829364896267,18,199,353
-14.941934070374119,57.44660229342464,58.61131572079963,-43.35267731213429,71.27734403347739,87.04486468897545,-3.768832641908953,59.15662329130007,65.13966536685476,-8.687763098766847,17.89631928389194,62.05360421885049,8.451371078392505,63.00877950178199,86.24686241123605,22.28547327272593,-14.11125642331141,37.37691876211314,47.68526698083354,-25.512750786605277,60.74657404233867,7.685594256314227,-3.3836952414873847,-3.001027262351151,27.690812249144166,5.106915008894778,70.43814749703373,-3.6769161245583653,-13.969255317487017,112.8483831949691,-11.097236940987699,-5.334303432958067,72.57466989701288,-16.37644867726156,87.03348921173837,75.94555403725245,13.329939397554153,-7.70420216644387,65.03450874202153,46,568,705
-19.097657708276287,23.631506240901597,31.98818619344231,-38.5824332184101,74.85376386858533,58.969580732028604,-22.92623663950214,40.79917275775743,43.958241744361644,-5.048946926641357,-2.4502164225908776,22.613755111713836,-8.771310540177616,7.696458722531828,31.293855665321,22.022949941454822,14.791164310873809,32.69075693144564,2.6466505754602876,-22.291893194653937,39.64894397319292,53.85866211237603,-33.04042610598895,59.49894726738949,29.55301254800039,10.684017791439148,31.403240667145432,21.31393880951916,-8.843730136017374,7.755483516484449,18.550777056322364,-11.80696507133189,8.32288222148102,-29.945005773355177,67.7737001775365,51.674974480551214,-13.152263189350357,21.299261882872038,40.84243834194244,34,353,522
-69.97197703294268,68.59587811165171,65.53092322394468,-20.53069732490063,60.03882995611555,90.10345862322964,-71.07809679176562,44.138380325595655,67.08295338072955,-55.94792432582457,78.60735282646158,88.84988577368162,-54.610944727404245,25.576624415461758,124.43790780403457,90.50427744354256,-23.607825787180214,31.48195722502058,24.88198963213294,-20.011093395894612,114.52767321808275,84.20078284876408,0.8259316316303786,-21.63977840564451,86.87740865956896,-22.39693353548763,189.5135381575385,45.87354792833611,-32.725818873455644,120.96857974771534,-21.04974171424028,-3.6861981701845425,128.7812294303694,-9.665249287408423,13.701207551797449,93.2107241448686,-2.8127255803064153,10.238971701291383,110.65370664355036,30,1254,1374
9.709394203642924,6.222543143596904,-8.579113812336352,-26.54474709920996,34.95430088928585,13.397299803574922,-22.957077708279208,-15.77886732409109,-5.9861011359835254,5.217038857531452,-6.008398853209769,-13.673601692020515,-30.255375921031057,44.946958074228554,6.027131891738324,3.742110333330282,0.18833955006055048,25.629060267094268,-38.56438246657536,3.134389564123615,17.533443390702818,-2.21266684221887,0.8722609740243137,69.17373703665506,-39.421156059887714,9.419088790558462,18.313273702456513,-7.221260821209037,-20.236768096424733,-31.280041489289363,-38.43809554125797,19.61342758256091,-4.612361947339344,-41.66313893550366,6.98855230117955,7.429786134296055,-47.2298057734918,-1.9978163487728346,12.555530103238437,56,231,535
-7.372194022229589,-6.138906588141222,16.695592534747153,-53.54870012020459,-39.92592133066544,23.43220814856435,-28.951876530249866,-14.699247223155421,35.45381790987081,-11.607215283356014,-26.393153297811207,7.526248206415362,-40.3026638263759,-26.48661563521553,50.149497782890386,-2.8986811394678247,-33.3795071357847,38.85720827228013,0.6999830164488791,21.08262413337105,57.19247661302619,45.61657383668046,-35.59466242393727,1.2503242481610783,39.16820222604461,-27.606057867867147,65.07579600137375,15.839751651619299,15.48606607501529,58.17291940394856,-33.836232228169166,14.457308695876018,45.08555614013955,-62.77600118652982,37.43954841558927,40.546109419508284,-76.33898841778853,25.67008705427085,48.093633323551394,38,89,223
10.612639567683118,45.076718701563,33.16029505173732,10.125170671222888,12.52109738338806,27.226394928564456,-10.597528154988,54.48538001520492,55.745925642504524,-22.111191407428024,56.52577672502942,58.66877434054671,-25.561936472939315,79.01282417540587,85.96276999481107,-8.731024368020194,2.698912928842812,41.3171420021805,-29.463771959049247,44.65824793735146,97.4349163889216,49.59538293750741,-27.15941640614964,48.85138227410134,19.5771218523281,2.3163586456607574,147.87720855961527,6.153441220128908,-32.92826073261179,93.3543418782096,-17.967413057841263,66.48476842974902,94.93019002759812,-8.85781598701122,31.32139674476039,49.15089177276339,-38.97654649977893,49.154671648658216,74.77611093608162,53,7914,8071
5.300624341385784,42.69466546000214,11.04267747602607,-31.78449721374314,79.4187673260713,29.665114103031616,-31.500675907321003,45.9363876954912,33.186199360176886,-4.36411666116209,-10.203211452085261,22.287013619220833,-48.43260570475198,-0.5291624057644861,48.44226642318391,-6.012761326618658,29.31419137991377,38.140065371054,-45.35724748243264,29.322877201118686,66.45042171982224,41.55612506974847,-32.236576705299626,128.9264001650577,-5.740887732588529,-16.53970975714683,140.81223129242514,-31.26258761894356,37.486868299767686,93.92944579682815,-55.46771104538166,32.01945463400908,65.78500392305,-70.98346149239995,71.23770757275865,38.410757324448745,-48.36898306703561,0.1184797805748005,48.33781626755217,19,8194,8287
-30.449572966071642,61.4905574210718,64.39491993590526,7.815979858360275,23.434429248863736,99.07433582586397,-4.12222993296428,58.071112975858355,91.6340668466124,-19.524257486401954,67.97920073922657,84.93223728087563,-31.819715837365976,20.56942577600334,131.43503064693672,31.598817043773845,12.206738013631414,-3.9807173475990743,23.9476714099307,-22.779632420818928,20.117400838580686,-7.321789242505984,10.65515402915736,-64.97687566839345,29.994478735248382,-8.732880843222102,30.57114763582171,5.555353639202014,-22.21929372115778,79.04602451374271,-19.923082700876105,-11.084016876722341,78.76231830589295,40.79330492989761,-13.393616791328848,69.9020967812861,15.372301226027776,10.65510880502873,42.67986049167135,50,1122,1255
25.16410731789399,-31.908791320045943,-0.42879264061373606,-19.586374660696297,-30.28410155543912,15.215648079118488,-2.741209800440477,-33.58180464695529,7.190496629181366,13.265241763975414,-40.381727798233605,11.97027346462719,-25.68775314345026,-14.323589323643466,27.580387412665218,-32.20398519870689,9.756364280938422,39.21378307055075,-20.701667764091464,20.899048919403622,49.63818897572695,-20.29272580090605,-22.289546687046123,122.649098267271,-47.9705635105458,-5.822723148511808,70.8989298031174,-78.82191626289551,25.380503612455808,30.707618401166087,-38.83719076985819,24.26172917005367,35.007556519442346,-39.915693495776345,-36.16291363891958,20.755883918886006,-1.0806076304047931,-28.341784425923635,35.16988027689722,39,255,382
46.67115509203427,-1.923172882902785,8.106178840911376,-11.23781793171099,128.31038796339317,53.966779872512994,27.508748763868805,54.411799531916785,20.30118417720061,0.8442328226521488,-28.44276640378034,-7.342549256116829,-3.060461885831252,8.89801531219359,20.306769688575468,12.76213476352186,29.168270893263887,59.561578440186835,-49.29764569931113,5.6018188909611135,78.07722145299984,36.90064203300295,-25.381196925793404,164.8631560522265,-50.20497672175344,-36.51297680094021,110.11300623851908,-40.97486140839213,-18.734418366127077,22.404710341122914,-19.039014065469107,-25.77829919129122,0.20488874228609266,-19.454362814771535,133.03687311691897,56.693533406349594,-48.80771921283442,52.91212547013927,57.907992298357335,21,8417,8671
34.216614313961315,-33.88831485285274,-23.247675908995355,-12.766450006869709,3.5316260979189757,-17.017933254219717,-24.02480919522578,-5.933453947765457,-8.849310622697592,-28.89655770970126,24.3800589769468,12.626828796389136,-54.09439495641668,42.559977636862676,9.74666235289895,-29.56034747047972,-7.282106722475863,23.65411948922806,-56.211003427892145,-16.408564799109723,30.541059913286077,55.6261225968609,-5.850456976037406,75.29400330336809,-28.430348789722593,-42.38012640888555,31.863238236836526,38.4855858816949,-14.065932074252604,-32.520374447436176,-9.190899263815236,-2.649636859536593,11.368432671841306,-58.22002586806673,-26.91492599851192,-5.780307684611338,-76.02995938391304,-13.76750052720827,6.214295531810684,59,54,270
-18.52629679058579,71.274034443585,43.819400131559576,-39.81385823096467,28.439895899579852,11.14353373666871,-50.352130330387205,88.3732195923054,42.97033128548866,-9.74309338240264,-21.236586652430912,49.901724576603996,-51.75376479795336,59.312464981794186,56.79979877240812,-8.507359582525238,-9.045232650202994,-18.457251689236685,-29.061556834635084,12.698731196361202,19.471706145500953,12.261373868808075,-28.64119606915365,-6.624417150790188,28.824457681938657,-25.988106216381478,82.95550636459122,66.98200853042276,-19.79752802022425,134.06387900219798,-31.283953879529914,16.519525438526536,80.61847587403442,-65.60052912985128,-43.39177012226754,-8.095168059673213,-10.998535151989032,-38.20223082251572,7.796545082427618,17,328,416
-44.85701097542016,25.151455416875564,41.92036960628462,-45.83137516793319,-5.212085551297784,66.44070646364706,-40.62736043490155,13.720937360512423,50.39639304400245,-36.89991540616494,11.452870824688862,12.467499323333186,-34.317286765100604,-29.846341599260857,23.533642266030416,36.05711210052107,-2.4808577819521425,4.959133999380947,34.47318220424807,-16.0028345651418,-4.185479731788713,30.1661435898467,-0.9815235493896731,-9.104311790515943,36.454371808118765,-4.4572239751260785,-3.6715054680145798,44.02091369743179,-25.34098560141804,-37.974747030944435,-13.456699641846361,-30.411102613311257,-1.3373980688808664,-53.792918388018165,-22.85224264107118,27.21758146361425,-22.644934847292568,-12.413924267545696,4.780933988600481,33,0,250
16.96212950991956,19.805404967003746,2.329336912757708,-32.94088776051128,53.85726317574998,30.364309354651564,-26.10682082978002,13.19306150557352,30.396872057007705,-39.44337041141826,14.702118498409941,55.39322940964577,-46.309118633744134,37.921544405774206,95.80176440289344,103.96565097012032,-16.21124429676269,75.41830128271523,118.85105650293177,-34.82932474943328,126.47168127700006,77.00376670803477,-29.883953506457928,138.88284831734927,90.03335813772244,-24.186874554293983,236.70508426118516,-31.685879668785887,13.586870422571634,75.81419768815366,-48.98053949572873,63.256673229881365,97.9242373244846,-55.50921181529282,-31.285230408994714,60.884449606735025,-3.1416151111107697,-48.7900191369587,91.36675029557877,15,785,871
-15.245900478104046,-61.185779278303755,40.216525323167176,-24.8481699713056,-35.5411344462389,40.225996456248076,-17.072857404134535,75.20970175598133,57.38816403708149,4.745684889239174,-75.57002156302211,31.227992144474936,-31.255956358685356,6.271377000471536,56.566858564061576,11.0324457746377,9.40781209925112,15.429922614124154,-37.40566592367912,48.38609107538436,54.00584654813918,38.84441000404261,-39.90542209875178,13.998853726724908,73.73805373980689,-25.084441241701334,114.22789195943169,28.729961227492034,-11.845840471408826,114.35630634017713,-48.769008945807926,47.91621197740368,76.5241376487796,-44.674836087217265,21.696589817078156,44.47417898923038,-56.22060503659062,24.002069316698606,45.7250045464585,29,87,127
9.5104011275251,-25.821711850972772,-11.494373625494562,40.64427386893062,3.65750534602642,1.3641698547206558,23.435744688878057,-22.03930238106334,17.682504126813566,21.73252147400593,-33.742023443117866,23.275200210747794,-49.49707072419856,55.41634807548116,74.9908064924256,105.29654051441221,-44.172825655368754,24.625969639241603,180.75285706308733,20.244773784258246,84.14713149626245,2.8225386456654267,-36.26986071785577,-35.54589451100537,102.13463736992561,-42.22329624127773,131.47003666619133,-36.58428802059744,48.255043710749256,196.10190459236347,-56.811505286920216,64.851775629202,92.48882191691858,-23.152737072326126,89.80470142835418,53.85342850829642,-44.210366560364875,48.58485259100263,67.93715019607416,23,8430,8527
-75.44428884037427,41.164154950834984,22.91380210594211,-95.59539191628258,170.09663016037004,34.39993682553681,-62.4173421588182,144.23404828296466,44.17879546304104,-23.815698266685178,-9.74491023943008,44.11674664954597,-58.597442104974974,15.83279580897449,64.61082667681778,15.995826315755114,-26.60717302045606,7.071978321587399,86.88800521785943,-11.07946341340911,46.80428162067972,72.36416795409474,-17.628710088652426,-26.02676337579122,73.15396377299803,-32.62511395534709,71.79311187773185,43.06513948379409,6.770205177589357,113.81055822260402,-29.85086631032157,15.558254718516118,78.87107048252582,-47.64661842582446,18.33555628351724,26.378758996037305,63.86376518198832,-29.12053774265179,42.67368867263433,57,63,128
-59.502911280774576,84.24366690817418,65.51144644977546,-22.912980822964375,55.68904100780703,94.15324431264692,-32.52598943219395,69.5838368257617,95.83732821438396,-33.61422201168194,58.912585577789464,70.61900454122882,-38.68653104763663,17.499073521800838,68.27995587439298,76.97742548663842,-19.669669099953285,-14.938793346236498,-6.969778315211162,-4.594398416585518,18.707016734458623,69.84955052088084,1.2298651172675823,-56.209390321740806,12.288721450486607,-0.8629313826736568,25.34043189544682,13.219585144886867,-14.896120798289154,62.35917173785044,-14.950148907678157,13.902092049146303,51.220822421988885,28.626150886088425,19.19806152879987,54.043122285925214,9.214407234352981,20.481340162622853,30.18134730094116,48,7927,7999
